file,line,type,commit,author,date,time,timezone,datetime,depth,length
style.css,1,css,12842708,bnie13,2026-04-18,02:30:02,-07:00,2026-04-18T02:30:02-07:00,0,5
style.css,2,css,12842708,bnie13,2026-04-18,02:30:02,-07:00,2026-04-18T02:30:02-07:00,1,33
style.css,3,css,12842708,bnie13,2026-04-18,02:30:02,-07:00,2026-04-18T02:30:02-07:00,0,0
style.css,4,css,12842708,bnie13,2026-04-18,02:30:02,-07:00,2026-04-18T02:30:02-07:00,0,0
style.css,5,css,1548fa9b,bnie13,2026-04-18,03:25:01,-07:00,2026-04-18T03:25:01-07:00,0,4
style.css,6,css,1548fa9b,bnie13,2026-04-18,03:25:01,-07:00,2026-04-18T03:25:01-07:00,1,23
style.css,7,css,1548fa9b,bnie13,2026-04-18,03:25:01,-07:00,2026-04-18T03:25:01-07:00,0,0
style.css,8,css,1548fa9b,bnie13,2026-04-18,03:25:01,-07:00,2026-04-18T03:25:01-07:00,0,0
style.css,9,css,3e4470d4,bnie13,2026-04-03,22:04:09,-07:00,2026-04-03T22:04:09-07:00,0,4
style.css,10,css,12842708,bnie13,2026-04-18,02:30:02,-07:00,2026-04-18T02:30:02-07:00,1,22
style.css,11,css,12842708,bnie13,2026-04-18,02:30:02,-07:00,2026-04-18T02:30:02-07:00,1,15
style.css,12,css,12842708,bnie13,2026-04-18,02:30:02,-07:00,2026-04-18T02:30:02-07:00,1,15
style.css,13,css,12842708,bnie13,2026-04-18,02:30:02,-07:00,2026-04-18T02:30:02-07:00,1,18
style.css,14,css,12842708,bnie13,2026-04-18,02:30:02,-07:00,2026-04-18T02:30:02-07:00,1,11
style.css,15,css,12842708,bnie13,2026-04-18,02:30:02,-07:00,2026-04-18T02:30:02-07:00,1,32
style.css,16,css,12842708,bnie13,2026-04-18,02:30:02,-07:00,2026-04-18T02:30:02-07:00,0,0
style.css,17,css,12842708,bnie13,2026-04-18,02:30:02,-07:00,2026-04-18T02:30:02-07:00,0,0
style.css,18,css,12842708,bnie13,2026-04-18,02:30:02,-07:00,2026-04-18T02:30:02-07:00,0,11
style.css,19,css,12842708,bnie13,2026-04-18,02:30:02,-07:00,2026-04-18T02:30:02-07:00,0,0
style.css,20,css,12842708,bnie13,2026-04-18,02:30:02,-07:00,2026-04-18T02:30:02-07:00,0,3
style.css,21,css,1548fa9b,bnie13,2026-04-18,03:25:01,-07:00,2026-04-18T03:25:01-07:00,1,39
style.css,22,css,12842708,bnie13,2026-04-18,02:30:02,-07:00,2026-04-18T02:30:02-07:00,1,12
style.css,23,css,12842708,bnie13,2026-04-18,02:30:02,-07:00,2026-04-18T02:30:02-07:00,1,17
style.css,24,css,1548fa9b,bnie13,2026-04-18,03:25:01,-07:00,2026-04-18T03:25:01-07:00,1,43
style.css,25,css,12842708,bnie13,2026-04-18,02:30:02,-07:00,2026-04-18T02:30:02-07:00,0,0
style.css,26,css,12842708,bnie13,2026-04-18,02:30:02,-07:00,2026-04-18T02:30:02-07:00,0,0
style.css,27,css,12842708,bnie13,2026-04-18,02:30:02,-07:00,2026-04-18T02:30:02-07:00,0,5
style.css,28,css,12842708,bnie13,2026-04-18,02:30:02,-07:00,2026-04-18T02:30:02-07:00,1,6
style.css,29,css,12842708,bnie13,2026-04-18,02:30:02,-07:00,2026-04-18T02:30:02-07:00,1,20
style.css,30,css,12842708,bnie13,2026-04-18,02:30:02,-07:00,2026-04-18T02:30:02-07:00,1,13
style.css,31,css,12842708,bnie13,2026-04-18,02:30:02,-07:00,2026-04-18T02:30:02-07:00,1,17
style.css,32,css,1548fa9b,bnie13,2026-04-18,03:25:01,-07:00,2026-04-18T03:25:01-07:00,1,17
style.css,33,css,1548fa9b,bnie13,2026-04-18,03:25:01,-07:00,2026-04-18T03:25:01-07:00,1,35
style.css,34,css,1548fa9b,bnie13,2026-04-18,03:25:01,-07:00,2026-04-18T03:25:01-07:00,1,61
style.css,35,css,12842708,bnie13,2026-04-18,02:30:02,-07:00,2026-04-18T02:30:02-07:00,0,0
style.css,36,css,12842708,bnie13,2026-04-18,02:30:02,-07:00,2026-04-18T02:30:02-07:00,0,0
style.css,37,css,1548fa9b,bnie13,2026-04-18,03:25:01,-07:00,2026-04-18T03:25:01-07:00,0,11
style.css,38,css,1548fa9b,bnie13,2026-04-18,03:25:01,-07:00,2026-04-18T03:25:01-07:00,1,43
style.css,39,css,1548fa9b,bnie13,2026-04-18,03:25:01,-07:00,2026-04-18T03:25:01-07:00,1,69
style.css,40,css,12842708,bnie13,2026-04-18,02:30:02,-07:00,2026-04-18T02:30:02-07:00,0,0
style.css,41,css,12842708,bnie13,2026-04-18,02:30:02,-07:00,2026-04-18T02:30:02-07:00,0,0
style.css,42,css,1548fa9b,bnie13,2026-04-18,03:25:01,-07:00,2026-04-18T03:25:01-07:00,0,13
style.css,43,css,1548fa9b,bnie13,2026-04-18,03:25:01,-07:00,2026-04-18T03:25:01-07:00,1,43
style.css,44,css,12842708,bnie13,2026-04-18,02:30:02,-07:00,2026-04-18T02:30:02-07:00,0,0
style.css,45,css,12842708,bnie13,2026-04-18,02:30:02,-07:00,2026-04-18T02:30:02-07:00,0,0
style.css,46,css,1548fa9b,bnie13,2026-04-18,03:25:01,-07:00,2026-04-18T03:25:01-07:00,0,8
style.css,47,css,12842708,bnie13,2026-04-18,02:30:02,-07:00,2026-04-18T02:30:02-07:00,0,0
style.css,48,css,12842708,bnie13,2026-04-18,02:30:02,-07:00,2026-04-18T02:30:02-07:00,0,4
style.css,49,css,12842708,bnie13,2026-04-18,02:30:02,-07:00,2026-04-18T02:30:02-07:00,0,7
style.css,50,css,12842708,bnie13,2026-04-18,02:30:02,-07:00,2026-04-18T02:30:02-07:00,0,6
style.css,51,css,12842708,bnie13,2026-04-18,02:30:02,-07:00,2026-04-18T02:30:02-07:00,1,12
style.css,52,css,12842708,bnie13,2026-04-18,02:30:02,-07:00,2026-04-18T02:30:02-07:00,0,0
style.css,53,css,12842708,bnie13,2026-04-18,02:30:02,-07:00,2026-04-18T02:30:02-07:00,0,0
style.css,54,css,12842708,bnie13,2026-04-18,02:30:02,-07:00,2026-04-18T02:30:02-07:00,0,4
style.css,55,css,12842708,bnie13,2026-04-18,02:30:02,-07:00,2026-04-18T02:30:02-07:00,1,12
style.css,56,css,12842708,bnie13,2026-04-18,02:30:02,-07:00,2026-04-18T02:30:02-07:00,1,30
style.css,57,css,12842708,bnie13,2026-04-18,02:30:02,-07:00,2026-04-18T02:30:02-07:00,1,7
style.css,58,css,12842708,bnie13,2026-04-18,02:30:02,-07:00,2026-04-18T02:30:02-07:00,0,0
style.css,59,css,12842708,bnie13,2026-04-18,02:30:02,-07:00,2026-04-18T02:30:02-07:00,0,0
style.css,60,css,12842708,bnie13,2026-04-18,02:30:02,-07:00,2026-04-18T02:30:02-07:00,0,10
style.css,61,css,12842708,bnie13,2026-04-18,02:30:02,-07:00,2026-04-18T02:30:02-07:00,1,12
style.css,62,css,12842708,bnie13,2026-04-18,02:30:02,-07:00,2026-04-18T02:30:02-07:00,1,29
style.css,63,css,12842708,bnie13,2026-04-18,02:30:02,-07:00,2026-04-18T02:30:02-07:00,1,18
style.css,64,css,12842708,bnie13,2026-04-18,02:30:02,-07:00,2026-04-18T02:30:02-07:00,0,0
style.css,65,css,12842708,bnie13,2026-04-18,02:30:02,-07:00,2026-04-18T02:30:02-07:00,0,0
style.css,66,css,12842708,bnie13,2026-04-18,02:30:02,-07:00,2026-04-18T02:30:02-07:00,0,11
style.css,67,css,12842708,bnie13,2026-04-18,02:30:02,-07:00,2026-04-18T02:30:02-07:00,1,18
style.css,68,css,12842708,bnie13,2026-04-18,02:30:02,-07:00,2026-04-18T02:30:02-07:00,0,0
style.css,69,css,1548fa9b,bnie13,2026-04-18,03:25:01,-07:00,2026-04-18T03:25:01-07:00,0,0
style.css,70,css,1548fa9b,bnie13,2026-04-18,03:25:01,-07:00,2026-04-18T03:25:01-07:00,0,12
style.css,71,css,1548fa9b,bnie13,2026-04-18,03:25:01,-07:00,2026-04-18T03:25:01-07:00,0,0
style.css,72,css,831be396,bnie13,2026-05-02,00:48:29,-07:00,2026-05-02T00:48:29-07:00,0,16
style.css,73,css,831be396,bnie13,2026-05-02,00:48:29,-07:00,2026-05-02T00:48:29-07:00,1,12
style.css,74,css,831be396,bnie13,2026-05-02,00:48:29,-07:00,2026-05-02T00:48:29-07:00,1,18
style.css,75,css,831be396,bnie13,2026-05-02,00:48:29,-07:00,2026-05-02T00:48:29-07:00,1,7
style.css,76,css,831be396,bnie13,2026-05-02,00:48:29,-07:00,2026-05-02T00:48:29-07:00,1,16
style.css,77,css,831be396,bnie13,2026-05-02,00:48:29,-07:00,2026-05-02T00:48:29-07:00,1,10
style.css,78,css,831be396,bnie13,2026-05-02,00:48:29,-07:00,2026-05-02T00:48:29-07:00,1,16
style.css,79,css,831be396,bnie13,2026-05-02,00:48:29,-07:00,2026-05-02T00:48:29-07:00,1,14
style.css,80,css,831be396,bnie13,2026-05-02,00:48:29,-07:00,2026-05-02T00:48:29-07:00,1,15
style.css,81,css,831be396,bnie13,2026-05-02,00:48:29,-07:00,2026-05-02T00:48:29-07:00,0,0
style.css,82,css,831be396,bnie13,2026-05-02,00:48:29,-07:00,2026-05-02T00:48:29-07:00,0,0
style.css,83,css,12842708,bnie13,2026-04-18,02:30:02,-07:00,2026-04-18T02:30:02-07:00,0,9
style.css,84,css,12842708,bnie13,2026-04-18,02:30:02,-07:00,2026-04-18T02:30:02-07:00,1,12
style.css,85,css,12842708,bnie13,2026-04-18,02:30:02,-07:00,2026-04-18T02:30:02-07:00,1,58
style.css,86,css,12842708,bnie13,2026-04-18,02:30:02,-07:00,2026-04-18T02:30:02-07:00,1,7
style.css,87,css,12842708,bnie13,2026-04-18,02:30:02,-07:00,2026-04-18T02:30:02-07:00,0,0
style.css,88,css,1548fa9b,bnie13,2026-04-18,03:25:01,-07:00,2026-04-18T03:25:01-07:00,0,0
style.css,89,css,12842708,bnie13,2026-04-18,02:30:02,-07:00,2026-04-18T02:30:02-07:00,0,17
style.css,90,css,12842708,bnie13,2026-04-18,02:30:02,-07:00,2026-04-18T02:30:02-07:00,1,12
style.css,91,css,12842708,bnie13,2026-04-18,02:30:02,-07:00,2026-04-18T02:30:02-07:00,1,26
style.css,92,css,12842708,bnie13,2026-04-18,02:30:02,-07:00,2026-04-18T02:30:02-07:00,1,15
style.css,93,css,12842708,bnie13,2026-04-18,02:30:02,-07:00,2026-04-18T02:30:02-07:00,0,0
style.css,94,css,12842708,bnie13,2026-04-18,02:30:02,-07:00,2026-04-18T02:30:02-07:00,0,0
style.css,95,css,12842708,bnie13,2026-04-18,02:30:02,-07:00,2026-04-18T02:30:02-07:00,0,12
style.css,96,css,12842708,bnie13,2026-04-18,02:30:02,-07:00,2026-04-18T02:30:02-07:00,1,8
style.css,97,css,12842708,bnie13,2026-04-18,02:30:02,-07:00,2026-04-18T02:30:02-07:00,0,0
style.css,98,css,12842708,bnie13,2026-04-18,02:30:02,-07:00,2026-04-18T02:30:02-07:00,0,0
style.css,99,css,831be396,bnie13,2026-05-02,00:48:29,-07:00,2026-05-02T00:48:29-07:00,0,10
style.css,100,css,831be396,bnie13,2026-05-02,00:48:29,-07:00,2026-05-02T00:48:29-07:00,1,31
style.css,101,css,831be396,bnie13,2026-05-02,00:48:29,-07:00,2026-05-02T00:48:29-07:00,1,28
style.css,102,css,831be396,bnie13,2026-05-02,00:48:29,-07:00,2026-05-02T00:48:29-07:00,1,14
style.css,103,css,831be396,bnie13,2026-05-02,00:48:29,-07:00,2026-05-02T00:48:29-07:00,1,16
style.css,104,css,831be396,bnie13,2026-05-02,00:48:29,-07:00,2026-05-02T00:48:29-07:00,0,0
style.css,105,css,831be396,bnie13,2026-05-02,00:48:29,-07:00,2026-05-02T00:48:29-07:00,0,0
style.css,106,css,831be396,bnie13,2026-05-02,00:48:29,-07:00,2026-05-02T00:48:29-07:00,0,15
style.css,107,css,831be396,bnie13,2026-05-02,00:48:29,-07:00,2026-05-02T00:48:29-07:00,1,14
style.css,108,css,831be396,bnie13,2026-05-02,00:48:29,-07:00,2026-05-02T00:48:29-07:00,1,11
style.css,109,css,831be396,bnie13,2026-05-02,00:48:29,-07:00,2026-05-02T00:48:29-07:00,1,22
style.css,110,css,831be396,bnie13,2026-05-02,00:48:29,-07:00,2026-05-02T00:48:29-07:00,1,23
style.css,111,css,831be396,bnie13,2026-05-02,00:48:29,-07:00,2026-05-02T00:48:29-07:00,1,24
style.css,112,css,831be396,bnie13,2026-05-02,00:48:29,-07:00,2026-05-02T00:48:29-07:00,0,0
style.css,113,css,831be396,bnie13,2026-05-02,00:48:29,-07:00,2026-05-02T00:48:29-07:00,0,0
style.css,114,css,831be396,bnie13,2026-05-02,00:48:29,-07:00,2026-05-02T00:48:29-07:00,0,21
style.css,115,css,831be396,bnie13,2026-05-02,00:48:29,-07:00,2026-05-02T00:48:29-07:00,1,23
style.css,116,css,831be396,bnie13,2026-05-02,00:48:29,-07:00,2026-05-02T00:48:29-07:00,1,9
style.css,117,css,831be396,bnie13,2026-05-02,00:48:29,-07:00,2026-05-02T00:48:29-07:00,1,21
style.css,118,css,831be396,bnie13,2026-05-02,00:48:29,-07:00,2026-05-02T00:48:29-07:00,0,0
style.css,119,css,831be396,bnie13,2026-05-02,00:48:29,-07:00,2026-05-02T00:48:29-07:00,0,0
style.css,120,css,831be396,bnie13,2026-05-02,00:48:29,-07:00,2026-05-02T00:48:29-07:00,0,24
style.css,121,css,831be396,bnie13,2026-05-02,00:48:29,-07:00,2026-05-02T00:48:29-07:00,1,11
style.css,122,css,831be396,bnie13,2026-05-02,00:48:29,-07:00,2026-05-02T00:48:29-07:00,1,23
style.css,123,css,831be396,bnie13,2026-05-02,00:48:29,-07:00,2026-05-02T00:48:29-07:00,1,9
style.css,124,css,831be396,bnie13,2026-05-02,00:48:29,-07:00,2026-05-02T00:48:29-07:00,1,21
style.css,125,css,831be396,bnie13,2026-05-02,00:48:29,-07:00,2026-05-02T00:48:29-07:00,0,0
style.css,126,css,831be396,bnie13,2026-05-02,00:48:29,-07:00,2026-05-02T00:48:29-07:00,0,0
style.css,127,css,831be396,bnie13,2026-05-02,00:48:29,-07:00,2026-05-02T00:48:29-07:00,0,49
style.css,128,css,831be396,bnie13,2026-05-02,00:48:29,-07:00,2026-05-02T00:48:29-07:00,1,11
style.css,129,css,831be396,bnie13,2026-05-02,00:48:29,-07:00,2026-05-02T00:48:29-07:00,0,0
style.css,130,css,831be396,bnie13,2026-05-02,00:48:29,-07:00,2026-05-02T00:48:29-07:00,0,0
style.css,131,css,831be396,bnie13,2026-05-02,00:48:29,-07:00,2026-05-02T00:48:29-07:00,0,55
style.css,132,css,831be396,bnie13,2026-05-02,00:48:29,-07:00,2026-05-02T00:48:29-07:00,1,23
style.css,133,css,831be396,bnie13,2026-05-02,00:48:29,-07:00,2026-05-02T00:48:29-07:00,1,12
style.css,134,css,831be396,bnie13,2026-05-02,00:48:29,-07:00,2026-05-02T00:48:29-07:00,1,21
style.css,135,css,831be396,bnie13,2026-05-02,00:48:29,-07:00,2026-05-02T00:48:29-07:00,0,0
style.css,136,css,831be396,bnie13,2026-05-02,00:48:29,-07:00,2026-05-02T00:48:29-07:00,0,0
style.css,137,css,831be396,bnie13,2026-05-02,00:48:29,-07:00,2026-05-02T00:48:29-07:00,0,68
style.css,138,css,831be396,bnie13,2026-05-02,00:48:29,-07:00,2026-05-02T00:48:29-07:00,1,12
style.css,139,css,831be396,bnie13,2026-05-02,00:48:29,-07:00,2026-05-02T00:48:29-07:00,0,0
style.css,140,css,831be396,bnie13,2026-05-02,00:48:29,-07:00,2026-05-02T00:48:29-07:00,0,0
style.css,141,css,831be396,bnie13,2026-05-02,00:48:29,-07:00,2026-05-02T00:48:29-07:00,0,7
style.css,142,css,831be396,bnie13,2026-05-02,00:48:29,-07:00,2026-05-02T00:48:29-07:00,1,38
style.css,143,css,831be396,bnie13,2026-05-02,00:48:29,-07:00,2026-05-02T00:48:29-07:00,1,12
style.css,144,css,831be396,bnie13,2026-05-02,00:48:29,-07:00,2026-05-02T00:48:29-07:00,1,56
style.css,145,css,831be396,bnie13,2026-05-02,00:48:29,-07:00,2026-05-02T00:48:29-07:00,1,14
style.css,146,css,831be396,bnie13,2026-05-02,00:48:29,-07:00,2026-05-02T00:48:29-07:00,1,11
style.css,147,css,831be396,bnie13,2026-05-02,00:48:29,-07:00,2026-05-02T00:48:29-07:00,1,8
style.css,148,css,831be396,bnie13,2026-05-02,00:48:29,-07:00,2026-05-02T00:48:29-07:00,1,34
style.css,149,css,831be396,bnie13,2026-05-02,00:48:29,-07:00,2026-05-02T00:48:29-07:00,1,17
style.css,150,css,831be396,bnie13,2026-05-02,00:48:29,-07:00,2026-05-02T00:48:29-07:00,1,15
style.css,151,css,831be396,bnie13,2026-05-02,00:48:29,-07:00,2026-05-02T00:48:29-07:00,0,0
style.css,152,css,831be396,bnie13,2026-05-02,00:48:29,-07:00,2026-05-02T00:48:29-07:00,0,0
style.css,153,css,831be396,bnie13,2026-05-02,00:48:29,-07:00,2026-05-02T00:48:29-07:00,0,12
style.css,154,css,831be396,bnie13,2026-05-02,00:48:29,-07:00,2026-05-02T00:48:29-07:00,1,12
style.css,155,css,831be396,bnie13,2026-05-02,00:48:29,-07:00,2026-05-02T00:48:29-07:00,1,18
style.css,156,css,831be396,bnie13,2026-05-02,00:48:29,-07:00,2026-05-02T00:48:29-07:00,1,9
style.css,157,css,831be396,bnie13,2026-05-02,00:48:29,-07:00,2026-05-02T00:48:29-07:00,1,8
style.css,158,css,831be396,bnie13,2026-05-02,00:48:29,-07:00,2026-05-02T00:48:29-07:00,1,19
style.css,159,css,831be396,bnie13,2026-05-02,00:48:29,-07:00,2026-05-02T00:48:29-07:00,1,17
style.css,160,css,831be396,bnie13,2026-05-02,00:48:29,-07:00,2026-05-02T00:48:29-07:00,0,0
style.css,161,css,831be396,bnie13,2026-05-02,00:48:29,-07:00,2026-05-02T00:48:29-07:00,0,0
style.css,162,css,831be396,bnie13,2026-05-02,00:48:29,-07:00,2026-05-02T00:48:29-07:00,0,21
style.css,163,css,831be396,bnie13,2026-05-02,00:48:29,-07:00,2026-05-02T00:48:29-07:00,1,63
style.css,164,css,831be396,bnie13,2026-05-02,00:48:29,-07:00,2026-05-02T00:48:29-07:00,1,15
style.css,165,css,831be396,bnie13,2026-05-02,00:48:29,-07:00,2026-05-02T00:48:29-07:00,0,0
style.css,166,css,831be396,bnie13,2026-05-02,00:48:29,-07:00,2026-05-02T00:48:29-07:00,0,0
style.css,167,css,831be396,bnie13,2026-05-02,00:48:29,-07:00,2026-05-02T00:48:29-07:00,0,14
style.css,168,css,831be396,bnie13,2026-05-02,00:48:29,-07:00,2026-05-02T00:48:29-07:00,1,11
style.css,169,css,831be396,bnie13,2026-05-02,00:48:29,-07:00,2026-05-02T00:48:29-07:00,1,14
style.css,170,css,831be396,bnie13,2026-05-02,00:48:29,-07:00,2026-05-02T00:48:29-07:00,1,17
style.css,171,css,831be396,bnie13,2026-05-02,00:48:29,-07:00,2026-05-02T00:48:29-07:00,1,20
style.css,172,css,831be396,bnie13,2026-05-02,00:48:29,-07:00,2026-05-02T00:48:29-07:00,1,13
style.css,173,css,831be396,bnie13,2026-05-02,00:48:29,-07:00,2026-05-02T00:48:29-07:00,0,0
style.css,174,css,831be396,bnie13,2026-05-02,00:48:29,-07:00,2026-05-02T00:48:29-07:00,0,0
style.css,175,css,831be396,bnie13,2026-05-02,00:48:29,-07:00,2026-05-02T00:48:29-07:00,0,13
style.css,176,css,831be396,bnie13,2026-05-02,00:48:29,-07:00,2026-05-02T00:48:29-07:00,1,10
style.css,177,css,831be396,bnie13,2026-05-02,00:48:29,-07:00,2026-05-02T00:48:29-07:00,0,0
style.css,178,css,831be396,bnie13,2026-05-02,00:48:29,-07:00,2026-05-02T00:48:29-07:00,0,0
style.css,179,css,831be396,bnie13,2026-05-02,00:48:29,-07:00,2026-05-02T00:48:29-07:00,0,10
style.css,180,css,831be396,bnie13,2026-05-02,00:48:29,-07:00,2026-05-02T00:48:29-07:00,1,13
style.css,181,css,831be396,bnie13,2026-05-02,00:48:29,-07:00,2026-05-02T00:48:29-07:00,1,10
style.css,182,css,831be396,bnie13,2026-05-02,00:48:29,-07:00,2026-05-02T00:48:29-07:00,1,14
style.css,183,css,831be396,bnie13,2026-05-02,00:48:29,-07:00,2026-05-02T00:48:29-07:00,1,21
style.css,184,css,831be396,bnie13,2026-05-02,00:48:29,-07:00,2026-05-02T00:48:29-07:00,1,19
style.css,185,css,831be396,bnie13,2026-05-02,00:48:29,-07:00,2026-05-02T00:48:29-07:00,1,22
style.css,186,css,831be396,bnie13,2026-05-02,00:48:29,-07:00,2026-05-02T00:48:29-07:00,1,14
style.css,187,css,831be396,bnie13,2026-05-02,00:48:29,-07:00,2026-05-02T00:48:29-07:00,0,0
style.css,188,css,831be396,bnie13,2026-05-02,00:48:29,-07:00,2026-05-02T00:48:29-07:00,0,0
style.css,189,css,1548fa9b,bnie13,2026-04-18,03:25:01,-07:00,2026-04-18T03:25:01-07:00,0,12
style.css,190,css,12842708,bnie13,2026-04-18,02:30:02,-07:00,2026-04-18T02:30:02-07:00,0,0
style.css,191,css,12842708,bnie13,2026-04-18,02:30:02,-07:00,2026-04-18T02:30:02-07:00,0,2
style.css,192,css,12842708,bnie13,2026-04-18,02:30:02,-07:00,2026-04-18T02:30:02-07:00,1,14
style.css,193,css,12842708,bnie13,2026-04-18,02:30:02,-07:00,2026-04-18T02:30:02-07:00,0,0
style.css,194,css,12842708,bnie13,2026-04-18,02:30:02,-07:00,2026-04-18T02:30:02-07:00,0,0
style.css,195,css,1548fa9b,bnie13,2026-04-18,03:25:01,-07:00,2026-04-18T03:25:01-07:00,0,1
style.css,196,css,1548fa9b,bnie13,2026-04-18,03:25:01,-07:00,2026-04-18T03:25:01-07:00,0,1
style.css,197,css,1548fa9b,bnie13,2026-04-18,03:25:01,-07:00,2026-04-18T03:25:01-07:00,0,1
style.css,198,css,1548fa9b,bnie13,2026-04-18,03:25:01,-07:00,2026-04-18T03:25:01-07:00,0,1
style.css,199,css,1548fa9b,bnie13,2026-04-18,03:25:01,-07:00,2026-04-18T03:25:01-07:00,0,1
style.css,200,css,1548fa9b,bnie13,2026-04-18,03:25:01,-07:00,2026-04-18T03:25:01-07:00,0,2
style.css,201,css,12842708,bnie13,2026-04-18,02:30:02,-07:00,2026-04-18T02:30:02-07:00,1,15
style.css,202,css,12842708,bnie13,2026-04-18,02:30:02,-07:00,2026-04-18T02:30:02-07:00,1,17
style.css,203,css,12842708,bnie13,2026-04-18,02:30:02,-07:00,2026-04-18T02:30:02-07:00,0,0
style.css,204,css,12842708,bnie13,2026-04-18,02:30:02,-07:00,2026-04-18T02:30:02-07:00,0,0
style.css,205,css,1548fa9b,bnie13,2026-04-18,03:25:01,-07:00,2026-04-18T03:25:01-07:00,0,23
style.css,206,css,12842708,bnie13,2026-04-18,02:30:02,-07:00,2026-04-18T02:30:02-07:00,0,0
style.css,207,css,12842708,bnie13,2026-04-18,02:30:02,-07:00,2026-04-18T02:30:02-07:00,0,7
style.css,208,css,12842708,bnie13,2026-04-18,02:30:02,-07:00,2026-04-18T02:30:02-07:00,1,16
style.css,209,css,12842708,bnie13,2026-04-18,02:30:02,-07:00,2026-04-18T02:30:02-07:00,0,0
style.css,210,css,12842708,bnie13,2026-04-18,02:30:02,-07:00,2026-04-18T02:30:02-07:00,0,0
style.css,211,css,12842708,bnie13,2026-04-18,02:30:02,-07:00,2026-04-18T02:30:02-07:00,0,10
style.css,212,css,12842708,bnie13,2026-04-18,02:30:02,-07:00,2026-04-18T02:30:02-07:00,1,41
style.css,213,css,12842708,bnie13,2026-04-18,02:30:02,-07:00,2026-04-18T02:30:02-07:00,1,20
style.css,214,css,12842708,bnie13,2026-04-18,02:30:02,-07:00,2026-04-18T02:30:02-07:00,1,20
style.css,215,css,12842708,bnie13,2026-04-18,02:30:02,-07:00,2026-04-18T02:30:02-07:00,0,0
style.css,216,css,12842708,bnie13,2026-04-18,02:30:02,-07:00,2026-04-18T02:30:02-07:00,0,0
style.css,217,css,12842708,bnie13,2026-04-18,02:30:02,-07:00,2026-04-18T02:30:02-07:00,0,7
style.css,218,css,12842708,bnie13,2026-04-18,02:30:02,-07:00,2026-04-18T02:30:02-07:00,1,19
style.css,219,css,12842708,bnie13,2026-04-18,02:30:02,-07:00,2026-04-18T02:30:02-07:00,0,0
style.css,220,css,12842708,bnie13,2026-04-18,02:30:02,-07:00,2026-04-18T02:30:02-07:00,0,0
style.css,221,css,12842708,bnie13,2026-04-18,02:30:02,-07:00,2026-04-18T02:30:02-07:00,0,14
style.css,222,css,12842708,bnie13,2026-04-18,02:30:02,-07:00,2026-04-18T02:30:02-07:00,1,12
style.css,223,css,12842708,bnie13,2026-04-18,02:30:02,-07:00,2026-04-18T02:30:02-07:00,1,29
style.css,224,css,12842708,bnie13,2026-04-18,02:30:02,-07:00,2026-04-18T02:30:02-07:00,1,20
style.css,225,css,12842708,bnie13,2026-04-18,02:30:02,-07:00,2026-04-18T02:30:02-07:00,1,7
style.css,226,css,12842708,bnie13,2026-04-18,02:30:02,-07:00,2026-04-18T02:30:02-07:00,1,14
style.css,227,css,12842708,bnie13,2026-04-18,02:30:02,-07:00,2026-04-18T02:30:02-07:00,0,0
style.css,228,css,12842708,bnie13,2026-04-18,02:30:02,-07:00,2026-04-18T02:30:02-07:00,0,0
style.css,229,css,12842708,bnie13,2026-04-18,02:30:02,-07:00,2026-04-18T02:30:02-07:00,0,17
style.css,230,css,12842708,bnie13,2026-04-18,02:30:02,-07:00,2026-04-18T02:30:02-07:00,1,8
style.css,231,css,12842708,bnie13,2026-04-18,02:30:02,-07:00,2026-04-18T02:30:02-07:00,0,0
style.css,232,css,12842708,bnie13,2026-04-18,02:30:02,-07:00,2026-04-18T02:30:02-07:00,0,0
style.css,233,css,12842708,bnie13,2026-04-18,02:30:02,-07:00,2026-04-18T02:30:02-07:00,0,16
style.css,234,css,12842708,bnie13,2026-04-18,02:30:02,-07:00,2026-04-18T02:30:02-07:00,1,8
style.css,235,css,12842708,bnie13,2026-04-18,02:30:02,-07:00,2026-04-18T02:30:02-07:00,1,10
style.css,236,css,12842708,bnie13,2026-04-18,02:30:02,-07:00,2026-04-18T02:30:02-07:00,0,0
style.css,237,css,12842708,bnie13,2026-04-18,02:30:02,-07:00,2026-04-18T02:30:02-07:00,0,0
style.css,238,css,12842708,bnie13,2026-04-18,02:30:02,-07:00,2026-04-18T02:30:02-07:00,0,2
style.css,239,css,12842708,bnie13,2026-04-18,02:30:02,-07:00,2026-04-18T02:30:02-07:00,1,18
style.css,240,css,12842708,bnie13,2026-04-18,02:30:02,-07:00,2026-04-18T02:30:02-07:00,0,0
style.css,241,css,12842708,bnie13,2026-04-18,02:30:02,-07:00,2026-04-18T02:30:02-07:00,0,0
style.css,242,css,12842708,bnie13,2026-04-18,02:30:02,-07:00,2026-04-18T02:30:02-07:00,0,2
style.css,243,css,12842708,bnie13,2026-04-18,02:30:02,-07:00,2026-04-18T02:30:02-07:00,1,18
style.css,244,css,12842708,bnie13,2026-04-18,02:30:02,-07:00,2026-04-18T02:30:02-07:00,0,0
style.css,245,css,12842708,bnie13,2026-04-18,02:30:02,-07:00,2026-04-18T02:30:02-07:00,0,0
style.css,246,css,12842708,bnie13,2026-04-18,02:30:02,-07:00,2026-04-18T02:30:02-07:00,0,4
style.css,247,css,12842708,bnie13,2026-04-18,02:30:02,-07:00,2026-04-18T02:30:02-07:00,1,10
style.css,248,css,12842708,bnie13,2026-04-18,02:30:02,-07:00,2026-04-18T02:30:02-07:00,0,0
style.css,249,css,12842708,bnie13,2026-04-18,02:30:02,-07:00,2026-04-18T02:30:02-07:00,0,0
style.css,250,css,12842708,bnie13,2026-04-18,02:30:02,-07:00,2026-04-18T02:30:02-07:00,0,6
style.css,251,css,12842708,bnie13,2026-04-18,02:30:02,-07:00,2026-04-18T02:30:02-07:00,1,15
style.css,252,css,12842708,bnie13,2026-04-18,02:30:02,-07:00,2026-04-18T02:30:02-07:00,0,0
style.css,253,css,12842708,bnie13,2026-04-18,02:30:02,-07:00,2026-04-18T02:30:02-07:00,0,0
style.css,254,css,1548fa9b,bnie13,2026-04-18,03:25:01,-07:00,2026-04-18T03:25:01-07:00,0,33
style.css,255,css,1548fa9b,bnie13,2026-04-18,03:25:01,-07:00,2026-04-18T03:25:01-07:00,0,0
style.css,256,css,12842708,bnie13,2026-04-18,02:30:02,-07:00,2026-04-18T02:30:02-07:00,0,22
style.css,257,css,12842708,bnie13,2026-04-18,02:30:02,-07:00,2026-04-18T02:30:02-07:00,1,17
style.css,258,css,12842708,bnie13,2026-04-18,02:30:02,-07:00,2026-04-18T02:30:02-07:00,1,17
style.css,259,css,12842708,bnie13,2026-04-18,02:30:02,-07:00,2026-04-18T02:30:02-07:00,0,0
style.css,260,css,12842708,bnie13,2026-04-18,02:30:02,-07:00,2026-04-18T02:30:02-07:00,0,0
style.css,261,css,12842708,bnie13,2026-04-18,02:30:02,-07:00,2026-04-18T02:30:02-07:00,0,24
style.css,262,css,12842708,bnie13,2026-04-18,02:30:02,-07:00,2026-04-18T02:30:02-07:00,1,13
style.css,263,css,12842708,bnie13,2026-04-18,02:30:02,-07:00,2026-04-18T02:30:02-07:00,1,20
style.css,264,css,12842708,bnie13,2026-04-18,02:30:02,-07:00,2026-04-18T02:30:02-07:00,0,0
style.css,265,css,12842708,bnie13,2026-04-18,02:30:02,-07:00,2026-04-18T02:30:02-07:00,0,0
style.css,266,css,12842708,bnie13,2026-04-18,02:30:02,-07:00,2026-04-18T02:30:02-07:00,0,30
style.css,267,css,12842708,bnie13,2026-04-18,02:30:02,-07:00,2026-04-18T02:30:02-07:00,1,25
style.css,268,css,12842708,bnie13,2026-04-18,02:30:02,-07:00,2026-04-18T02:30:02-07:00,1,25
style.css,269,css,1548fa9b,bnie13,2026-04-18,03:25:01,-07:00,2026-04-18T03:25:01-07:00,0,0
style.css,270,css,1548fa9b,bnie13,2026-04-18,03:25:01,-07:00,2026-04-18T03:25:01-07:00,0,0
style.css,271,css,1548fa9b,bnie13,2026-04-18,03:25:01,-07:00,2026-04-18T03:25:01-07:00,0,13
style.css,272,css,1548fa9b,bnie13,2026-04-18,03:25:01,-07:00,2026-04-18T03:25:01-07:00,1,17
style.css,273,css,1548fa9b,bnie13,2026-04-18,03:25:01,-07:00,2026-04-18T03:25:01-07:00,1,8
style.css,274,css,1548fa9b,bnie13,2026-04-18,03:25:01,-07:00,2026-04-18T03:25:01-07:00,1,10
style.css,275,css,1548fa9b,bnie13,2026-04-18,03:25:01,-07:00,2026-04-18T03:25:01-07:00,1,16
style.css,276,css,1548fa9b,bnie13,2026-04-18,03:25:01,-07:00,2026-04-18T03:25:01-07:00,0,0
style.css,277,css,1548fa9b,bnie13,2026-04-18,03:25:01,-07:00,2026-04-18T03:25:01-07:00,0,0
style.css,278,css,1548fa9b,bnie13,2026-04-18,03:25:01,-07:00,2026-04-18T03:25:01-07:00,0,39
style.css,279,css,1548fa9b,bnie13,2026-04-18,03:25:01,-07:00,2026-04-18T03:25:01-07:00,0,6
style.css,280,css,1548fa9b,bnie13,2026-04-18,03:25:01,-07:00,2026-04-18T03:25:01-07:00,1,12
style.css,281,css,831be396,bnie13,2026-05-02,00:48:29,-07:00,2026-05-02T00:48:29-07:00,0,0
style.css,282,css,831be396,bnie13,2026-05-02,00:48:29,-07:00,2026-05-02T00:48:29-07:00,0,0
style.css,283,css,831be396,bnie13,2026-05-02,00:48:29,-07:00,2026-05-02T00:48:29-07:00,0,17
style.css,284,css,831be396,bnie13,2026-05-02,00:48:29,-07:00,2026-05-02T00:48:29-07:00,1,12
style.css,285,css,831be396,bnie13,2026-05-02,00:48:29,-07:00,2026-05-02T00:48:29-07:00,1,36
style.css,286,css,831be396,bnie13,2026-05-02,00:48:29,-07:00,2026-05-02T00:48:29-07:00,1,8
style.css,287,css,831be396,bnie13,2026-05-02,00:48:29,-07:00,2026-05-02T00:48:29-07:00,1,13
style.css,288,css,831be396,bnie13,2026-05-02,00:48:29,-07:00,2026-05-02T00:48:29-07:00,0,0
style.css,289,css,831be396,bnie13,2026-05-02,00:48:29,-07:00,2026-05-02T00:48:29-07:00,0,0
style.css,290,css,831be396,bnie13,2026-05-02,00:48:29,-07:00,2026-05-02T00:48:29-07:00,0,17
style.css,291,css,831be396,bnie13,2026-05-02,00:48:29,-07:00,2026-05-02T00:48:29-07:00,1,10
style.css,292,css,831be396,bnie13,2026-05-02,00:48:29,-07:00,2026-05-02T00:48:29-07:00,1,16
style.css,293,css,831be396,bnie13,2026-05-02,00:48:29,-07:00,2026-05-02T00:48:29-07:00,1,10
style.css,294,css,831be396,bnie13,2026-05-02,00:48:29,-07:00,2026-05-02T00:48:29-07:00,1,24
style.css,295,css,831be396,bnie13,2026-05-02,00:48:29,-07:00,2026-05-02T00:48:29-07:00,0,0
style.css,296,css,831be396,bnie13,2026-05-02,00:48:29,-07:00,2026-05-02T00:48:29-07:00,0,0
style.css,297,css,831be396,bnie13,2026-05-02,00:48:29,-07:00,2026-05-02T00:48:29-07:00,0,17
style.css,298,css,831be396,bnie13,2026-05-02,00:48:29,-07:00,2026-05-02T00:48:29-07:00,1,10
style.css,299,css,831be396,bnie13,2026-05-02,00:48:29,-07:00,2026-05-02T00:48:29-07:00,1,8
style.css,300,css,831be396,bnie13,2026-05-02,00:48:29,-07:00,2026-05-02T00:48:29-07:00,1,14
style.css,301,css,831be396,bnie13,2026-05-02,00:48:29,-07:00,2026-05-02T00:48:29-07:00,0,0
style.css,302,css,831be396,bnie13,2026-05-02,00:48:29,-07:00,2026-05-02T00:48:29-07:00,0,0
style.css,303,css,831be396,bnie13,2026-05-02,00:48:29,-07:00,2026-05-02T00:48:29-07:00,0,13
style.css,304,css,831be396,bnie13,2026-05-02,00:48:29,-07:00,2026-05-02T00:48:29-07:00,1,10
style.css,305,css,831be396,bnie13,2026-05-02,00:48:29,-07:00,2026-05-02T00:48:29-07:00,1,12
style.css,306,css,831be396,bnie13,2026-05-02,00:48:29,-07:00,2026-05-02T00:48:29-07:00,1,16
style.css,307,css,831be396,bnie13,2026-05-02,00:48:29,-07:00,2026-05-02T00:48:29-07:00,1,17
style.css,308,css,831be396,bnie13,2026-05-02,00:48:29,-07:00,2026-05-02T00:48:29-07:00,0,0
index.js,1,js,831be396,bnie13,2026-05-02,00:48:29,-07:00,2026-05-02T00:48:29-07:00,0,71
index.js,2,js,831be396,bnie13,2026-05-02,00:48:29,-07:00,2026-05-02T00:48:29-07:00,0,0
index.js,3,js,831be396,bnie13,2026-05-02,00:48:29,-07:00,2026-05-02T00:48:29-07:00,0,54
index.js,4,js,831be396,bnie13,2026-05-02,00:48:29,-07:00,2026-05-02T00:48:29-07:00,0,42
index.js,5,js,831be396,bnie13,2026-05-02,00:48:29,-07:00,2026-05-02T00:48:29-07:00,0,0
index.js,6,js,831be396,bnie13,2026-05-02,00:48:29,-07:00,2026-05-02T00:48:29-07:00,0,60
index.js,7,js,831be396,bnie13,2026-05-02,00:48:29,-07:00,2026-05-02T00:48:29-07:00,0,0
index.js,8,js,831be396,bnie13,2026-05-02,00:48:29,-07:00,2026-05-02T00:48:29-07:00,0,22
index.js,9,js,831be396,bnie13,2026-05-02,00:48:29,-07:00,2026-05-02T00:48:29-07:00,1,54
index.js,10,js,831be396,bnie13,2026-05-02,00:48:29,-07:00,2026-05-02T00:48:29-07:00,0,0
index.js,11,js,831be396,bnie13,2026-05-02,00:48:29,-07:00,2026-05-02T00:48:29-07:00,0,0
index.js,12,js,831be396,bnie13,2026-05-02,00:48:29,-07:00,2026-05-02T00:48:29-07:00,0,49
index.js,13,js,831be396,bnie13,2026-05-02,00:48:29,-07:00,2026-05-02T00:48:29-07:00,0,0
index.js,14,js,831be396,bnie13,2026-05-02,00:48:29,-07:00,2026-05-02T00:48:29-07:00,0,60
index.js,15,js,831be396,bnie13,2026-05-02,00:48:29,-07:00,2026-05-02T00:48:29-07:00,0,0
index.js,16,js,831be396,bnie13,2026-05-02,00:48:29,-07:00,2026-05-02T00:48:29-07:00,0,17
index.js,17,js,831be396,bnie13,2026-05-02,00:48:29,-07:00,2026-05-02T00:48:29-07:00,1,24
index.js,18,js,831be396,bnie13,2026-05-02,00:48:29,-07:00,2026-05-02T00:48:29-07:00,2,2
index.js,19,js,831be396,bnie13,2026-05-02,00:48:29,-07:00,2026-05-02T00:48:29-07:00,3,55
index.js,20,js,831be396,bnie13,2026-05-02,00:48:29,-07:00,2026-05-02T00:48:29-07:00,3,55
index.js,21,js,831be396,bnie13,2026-05-02,00:48:29,-07:00,2026-05-02T00:48:29-07:00,3,49
index.js,22,js,831be396,bnie13,2026-05-02,00:48:29,-07:00,2026-05-02T00:48:29-07:00,3,49
index.js,23,js,831be396,bnie13,2026-05-02,00:48:29,-07:00,2026-05-02T00:48:29-07:00,2,3
index.js,24,js,831be396,bnie13,2026-05-02,00:48:29,-07:00,2026-05-02T00:48:29-07:00,1,0
index.js,25,js,831be396,bnie13,2026-05-02,00:48:29,-07:00,2026-05-02T00:48:29-07:00,0,0
index.html,1,html,3e4470d4,bnie13,2026-04-03,22:04:09,-07:00,2026-04-03T22:04:09-07:00,0,13
index.html,2,html,1548fa9b,bnie13,2026-04-18,03:25:01,-07:00,2026-04-18T03:25:01-07:00,0,27
index.html,3,html,3e4470d4,bnie13,2026-04-03,22:04:09,-07:00,2026-04-03T22:04:09-07:00,0,4
index.html,4,html,3e4470d4,bnie13,2026-04-03,22:04:09,-07:00,2026-04-03T22:04:09-07:00,2,20
index.html,5,html,3e4470d4,bnie13,2026-04-03,22:04:09,-07:00,2026-04-03T22:04:09-07:00,2,68
index.html,6,html,3e4470d4,bnie13,2026-04-03,22:04:09,-07:00,2026-04-03T22:04:09-07:00,2,50
index.html,7,html,3e4470d4,bnie13,2026-04-03,22:04:09,-07:00,2026-04-03T22:04:09-07:00,2,38
index.html,8,html,12842708,bnie13,2026-04-18,02:30:02,-07:00,2026-04-18T02:30:02-07:00,0,5
index.html,9,html,12842708,bnie13,2026-04-18,02:30:02,-07:00,2026-04-18T02:30:02-07:00,0,4
index.html,10,html,1548fa9b,bnie13,2026-04-18,03:25:01,-07:00,2026-04-18T03:25:01-07:00,2,0
index.html,11,html,3e4470d4,bnie13,2026-04-03,22:04:09,-07:00,2026-04-03T22:04:09-07:00,2,16
index.html,12,html,831be396,bnie13,2026-05-02,00:48:29,-07:00,2026-05-02T00:48:29-07:00,2,76
index.html,13,html,831be396,bnie13,2026-05-02,00:48:29,-07:00,2026-05-02T00:48:29-07:00,2,22
index.html,14,html,831be396,bnie13,2026-05-02,00:48:29,-07:00,2026-05-02T00:48:29-07:00,2,26
index.html,15,html,831be396,bnie13,2026-05-02,00:48:29,-07:00,2026-05-02T00:48:29-07:00,2,22
index.html,16,html,831be396,bnie13,2026-05-02,00:48:29,-07:00,2026-05-02T00:48:29-07:00,2,28
index.html,17,html,3e4470d4,bnie13,2026-04-03,22:04:09,-07:00,2026-04-03T22:04:09-07:00,2,75
index.html,18,html,831be396,bnie13,2026-05-02,00:48:29,-07:00,2026-05-02T00:48:29-07:00,2,46
index.html,19,html,3e4470d4,bnie13,2026-04-03,22:04:09,-07:00,2026-04-03T22:04:09-07:00,0,5
index.html,20,html,3e4470d4,bnie13,2026-04-03,22:04:09,-07:00,2026-04-03T22:04:09-07:00,0,5
global.js,1,js,1548fa9b,bnie13,2026-04-18,03:25:01,-07:00,2026-04-18T03:25:01-07:00,0,25
global.js,2,js,1548fa9b,bnie13,2026-04-18,03:25:01,-07:00,2026-04-18T03:25:01-07:00,0,0
global.js,3,js,1548fa9b,bnie13,2026-04-18,03:25:01,-07:00,2026-04-18T03:25:01-07:00,0,41
global.js,4,js,1548fa9b,bnie13,2026-04-18,03:25:01,-07:00,2026-04-18T03:25:01-07:00,1,52
global.js,5,js,1548fa9b,bnie13,2026-04-18,03:25:01,-07:00,2026-04-18T03:25:01-07:00,0,0
global.js,6,js,1548fa9b,bnie13,2026-04-18,03:25:01,-07:00,2026-04-18T03:25:01-07:00,0,0
global.js,7,js,1548fa9b,bnie13,2026-04-18,03:25:01,-07:00,2026-04-18T03:25:01-07:00,0,41
global.js,8,js,1548fa9b,bnie13,2026-04-18,03:25:01,-07:00,2026-04-18T03:25:01-07:00,0,15
global.js,9,js,1548fa9b,bnie13,2026-04-18,03:25:01,-07:00,2026-04-18T03:25:01-07:00,1,68
global.js,10,js,1548fa9b,bnie13,2026-04-18,03:25:01,-07:00,2026-04-18T03:25:01-07:00,2,3
global.js,11,js,1548fa9b,bnie13,2026-04-18,03:25:01,-07:00,2026-04-18T03:25:01-07:00,2,14
global.js,12,js,1548fa9b,bnie13,2026-04-18,03:25:01,-07:00,2026-04-18T03:25:01-07:00,0,0
global.js,13,js,1548fa9b,bnie13,2026-04-18,03:25:01,-07:00,2026-04-18T03:25:01-07:00,0,19
global.js,14,js,1548fa9b,bnie13,2026-04-18,03:25:01,-07:00,2026-04-18T03:25:01-07:00,0,31
global.js,15,js,1548fa9b,bnie13,2026-04-18,03:25:01,-07:00,2026-04-18T03:25:01-07:00,1,11
global.js,16,js,1548fa9b,bnie13,2026-04-18,03:25:01,-07:00,2026-04-18T03:25:01-07:00,1,0
global.js,17,js,1548fa9b,bnie13,2026-04-18,03:25:01,-07:00,2026-04-18T03:25:01-07:00,2,26
global.js,18,js,1548fa9b,bnie13,2026-04-18,03:25:01,-07:00,2026-04-18T03:25:01-07:00,3,4
global.js,19,js,1548fa9b,bnie13,2026-04-18,03:25:01,-07:00,2026-04-18T03:25:01-07:00,3,6
global.js,20,js,1548fa9b,bnie13,2026-04-18,03:25:01,-07:00,2026-04-18T03:25:01-07:00,4,43
global.js,21,js,1548fa9b,bnie13,2026-04-18,03:25:01,-07:00,2026-04-18T03:25:01-07:00,4,34
global.js,22,js,1548fa9b,bnie13,2026-04-18,03:25:01,-07:00,2026-04-18T03:25:01-07:00,4,32
global.js,23,js,1548fa9b,bnie13,2026-04-18,03:25:01,-07:00,2026-04-18T03:25:01-07:00,3,7
global.js,24,js,1548fa9b,bnie13,2026-04-18,03:25:01,-07:00,2026-04-18T03:25:01-07:00,2,6
global.js,25,js,1548fa9b,bnie13,2026-04-18,03:25:01,-07:00,2026-04-18T03:25:01-07:00,1,0
global.js,26,js,1548fa9b,bnie13,2026-04-18,03:25:01,-07:00,2026-04-18T03:25:01-07:00,0,0
global.js,27,js,1548fa9b,bnie13,2026-04-18,03:25:01,-07:00,2026-04-18T03:25:01-07:00,0,0
global.js,28,js,1548fa9b,bnie13,2026-04-18,03:25:01,-07:00,2026-04-18T03:25:01-07:00,0,13
global.js,29,js,1548fa9b,bnie13,2026-04-18,03:25:01,-07:00,2026-04-18T03:25:01-07:00,0,11
global.js,30,js,1548fa9b,bnie13,2026-04-18,03:25:01,-07:00,2026-04-18T03:25:01-07:00,1,25
global.js,31,js,831be396,bnie13,2026-05-02,00:48:29,-07:00,2026-05-02T00:48:29-07:00,1,40
global.js,32,js,831be396,bnie13,2026-05-02,00:48:29,-07:00,2026-05-02T00:48:29-07:00,1,38
global.js,33,js,1548fa9b,bnie13,2026-04-18,03:25:01,-07:00,2026-04-18T03:25:01-07:00,1,52
global.js,34,js,831be396,bnie13,2026-05-02,00:48:29,-07:00,2026-05-02T00:48:29-07:00,1,36
global.js,35,js,1548fa9b,bnie13,2026-04-18,03:25:01,-07:00,2026-04-18T03:25:01-07:00,0,0
global.js,36,js,1548fa9b,bnie13,2026-04-18,03:25:01,-07:00,2026-04-18T03:25:01-07:00,0,0
global.js,37,js,1548fa9b,bnie13,2026-04-18,03:25:01,-07:00,2026-04-18T03:25:01-07:00,0,11
global.js,38,js,1548fa9b,bnie13,2026-04-18,03:25:01,-07:00,2026-04-18T03:25:01-07:00,0,38
global.js,39,js,1548fa9b,bnie13,2026-04-18,03:25:01,-07:00,2026-04-18T03:25:01-07:00,0,25
global.js,40,js,1548fa9b,bnie13,2026-04-18,03:25:01,-07:00,2026-04-18T03:25:01-07:00,0,0
global.js,41,js,1548fa9b,bnie13,2026-04-18,03:25:01,-07:00,2026-04-18T03:25:01-07:00,0,12
global.js,42,js,1548fa9b,bnie13,2026-04-18,03:25:01,-07:00,2026-04-18T03:25:01-07:00,0,20
global.js,43,js,1548fa9b,bnie13,2026-04-18,03:25:01,-07:00,2026-04-18T03:25:01-07:00,1,14
global.js,44,js,1548fa9b,bnie13,2026-04-18,03:25:01,-07:00,2026-04-18T03:25:01-07:00,1,18
global.js,45,js,1548fa9b,bnie13,2026-04-18,03:25:01,-07:00,2026-04-18T03:25:01-07:00,0,0
global.js,46,js,1548fa9b,bnie13,2026-04-18,03:25:01,-07:00,2026-04-18T03:25:01-07:00,1,28
global.js,47,js,1548fa9b,bnie13,2026-04-18,03:25:01,-07:00,2026-04-18T03:25:01-07:00,2,20
global.js,48,js,1548fa9b,bnie13,2026-04-18,03:25:01,-07:00,2026-04-18T03:25:01-07:00,1,0
global.js,49,js,1548fa9b,bnie13,2026-04-18,03:25:01,-07:00,2026-04-18T03:25:01-07:00,0,0
global.js,50,js,1548fa9b,bnie13,2026-04-18,03:25:01,-07:00,2026-04-18T03:25:01-07:00,1,34
global.js,51,js,1548fa9b,bnie13,2026-04-18,03:25:01,-07:00,2026-04-18T03:25:01-07:00,1,11
global.js,52,js,1548fa9b,bnie13,2026-04-18,03:25:01,-07:00,2026-04-18T03:25:01-07:00,1,20
global.js,53,js,1548fa9b,bnie13,2026-04-18,03:25:01,-07:00,2026-04-18T03:25:01-07:00,0,0
global.js,54,js,1548fa9b,bnie13,2026-04-18,03:25:01,-07:00,2026-04-18T03:25:01-07:00,1,17
global.js,55,js,1548fa9b,bnie13,2026-04-18,03:25:01,-07:00,2026-04-18T03:25:01-07:00,2,8
global.js,56,js,1548fa9b,bnie13,2026-04-18,03:25:01,-07:00,2026-04-18T03:25:01-07:00,2,58
global.js,57,js,1548fa9b,bnie13,2026-04-18,03:25:01,-07:00,2026-04-18T03:25:01-07:00,1,0
global.js,58,js,1548fa9b,bnie13,2026-04-18,03:25:01,-07:00,2026-04-18T03:25:01-07:00,0,0
global.js,59,js,1548fa9b,bnie13,2026-04-18,03:25:01,-07:00,2026-04-18T03:25:01-07:00,1,29
global.js,60,js,1548fa9b,bnie13,2026-04-18,03:25:01,-07:00,2026-04-18T03:25:01-07:00,2,18
global.js,61,js,1548fa9b,bnie13,2026-04-18,03:25:01,-07:00,2026-04-18T03:25:01-07:00,1,0
global.js,62,js,1548fa9b,bnie13,2026-04-18,03:25:01,-07:00,2026-04-18T03:25:01-07:00,0,0
global.js,63,js,1548fa9b,bnie13,2026-04-18,03:25:01,-07:00,2026-04-18T03:25:01-07:00,1,12
global.js,64,js,1548fa9b,bnie13,2026-04-18,03:25:01,-07:00,2026-04-18T03:25:01-07:00,0,0
global.js,65,js,1548fa9b,bnie13,2026-04-18,03:25:01,-07:00,2026-04-18T03:25:01-07:00,0,0
global.js,66,js,1548fa9b,bnie13,2026-04-18,03:25:01,-07:00,2026-04-18T03:25:01-07:00,0,16
global.js,67,js,1548fa9b,bnie13,2026-04-18,03:25:01,-07:00,2026-04-18T03:25:01-07:00,0,60
global.js,68,js,1548fa9b,bnie13,2026-04-18,03:25:01,-07:00,2026-04-18T03:25:01-07:00,0,0
global.js,69,js,1548fa9b,bnie13,2026-04-18,03:25:01,-07:00,2026-04-18T03:25:01-07:00,0,36
global.js,70,js,1548fa9b,bnie13,2026-04-18,03:25:01,-07:00,2026-04-18T03:25:01-07:00,1,70
global.js,71,js,1548fa9b,bnie13,2026-04-18,03:25:01,-07:00,2026-04-18T03:25:01-07:00,1,25
global.js,72,js,1548fa9b,bnie13,2026-04-18,03:25:01,-07:00,2026-04-18T03:25:01-07:00,0,0
global.js,73,js,1548fa9b,bnie13,2026-04-18,03:25:01,-07:00,2026-04-18T03:25:01-07:00,0,0
global.js,74,js,1548fa9b,bnie13,2026-04-18,03:25:01,-07:00,2026-04-18T03:25:01-07:00,0,34
global.js,75,js,1548fa9b,bnie13,2026-04-18,03:25:01,-07:00,2026-04-18T03:25:01-07:00,1,39
global.js,76,js,1548fa9b,bnie13,2026-04-18,03:25:01,-07:00,2026-04-18T03:25:01-07:00,0,0
global.js,77,js,1548fa9b,bnie13,2026-04-18,03:25:01,-07:00,2026-04-18T03:25:01-07:00,0,0
global.js,78,js,1548fa9b,bnie13,2026-04-18,03:25:01,-07:00,2026-04-18T03:25:01-07:00,0,49
global.js,79,js,1548fa9b,bnie13,2026-04-18,03:25:01,-07:00,2026-04-18T03:25:01-07:00,1,31
global.js,80,js,1548fa9b,bnie13,2026-04-18,03:25:01,-07:00,2026-04-18T03:25:01-07:00,1,20
global.js,81,js,1548fa9b,bnie13,2026-04-18,03:25:01,-07:00,2026-04-18T03:25:01-07:00,1,31
global.js,82,js,1548fa9b,bnie13,2026-04-18,03:25:01,-07:00,2026-04-18T03:25:01-07:00,0,1
global.js,83,js,1548fa9b,bnie13,2026-04-18,03:25:01,-07:00,2026-04-18T03:25:01-07:00,0,0
global.js,84,js,1548fa9b,bnie13,2026-04-18,03:25:01,-07:00,2026-04-18T03:25:01-07:00,0,42
global.js,85,js,1548fa9b,bnie13,2026-04-18,03:25:01,-07:00,2026-04-18T03:25:01-07:00,0,0
global.js,86,js,1548fa9b,bnie13,2026-04-18,03:25:01,-07:00,2026-04-18T03:25:01-07:00,0,49
global.js,87,js,1548fa9b,bnie13,2026-04-18,03:25:01,-07:00,2026-04-18T03:25:01-07:00,1,21
global.js,88,js,1548fa9b,bnie13,2026-04-18,03:25:01,-07:00,2026-04-18T03:25:01-07:00,0,0
global.js,89,js,1548fa9b,bnie13,2026-04-18,03:25:01,-07:00,2026-04-18T03:25:01-07:00,1,30
global.js,90,js,1548fa9b,bnie13,2026-04-18,03:25:01,-07:00,2026-04-18T03:25:01-07:00,1,26
global.js,91,js,1548fa9b,bnie13,2026-04-18,03:25:01,-07:00,2026-04-18T03:25:01-07:00,0,0
global.js,92,js,1548fa9b,bnie13,2026-04-18,03:25:01,-07:00,2026-04-18T03:25:01-07:00,1,31
global.js,93,js,1548fa9b,bnie13,2026-04-18,03:25:01,-07:00,2026-04-18T03:25:01-07:00,2,45
global.js,94,js,1548fa9b,bnie13,2026-04-18,03:25:01,-07:00,2026-04-18T03:25:01-07:00,1,0
global.js,95,js,1548fa9b,bnie13,2026-04-18,03:25:01,-07:00,2026-04-18T03:25:01-07:00,0,0
global.js,96,js,1548fa9b,bnie13,2026-04-18,03:25:01,-07:00,2026-04-18T03:25:01-07:00,1,18
global.js,97,js,831be396,bnie13,2026-05-02,00:48:29,-07:00,2026-05-02T00:48:29-07:00,0,1
global.js,98,js,831be396,bnie13,2026-05-02,00:48:29,-07:00,2026-05-02T00:48:29-07:00,0,0
global.js,99,js,831be396,bnie13,2026-05-02,00:48:29,-07:00,2026-05-02T00:48:29-07:00,0,36
global.js,100,js,831be396,bnie13,2026-05-02,00:48:29,-07:00,2026-05-02T00:48:29-07:00,1,3
global.js,101,js,831be396,bnie13,2026-05-02,00:48:29,-07:00,2026-05-02T00:48:29-07:00,2,32
global.js,102,js,831be396,bnie13,2026-05-02,00:48:29,-07:00,2026-05-02T00:48:29-07:00,0,0
global.js,103,js,831be396,bnie13,2026-05-02,00:48:29,-07:00,2026-05-02T00:48:29-07:00,2,17
global.js,104,js,831be396,bnie13,2026-05-02,00:48:29,-07:00,2026-05-02T00:48:29-07:00,3,66
global.js,105,js,831be396,bnie13,2026-05-02,00:48:29,-07:00,2026-05-02T00:48:29-07:00,2,0
global.js,106,js,831be396,bnie13,2026-05-02,00:48:29,-07:00,2026-05-02T00:48:29-07:00,0,0
global.js,107,js,831be396,bnie13,2026-05-02,00:48:29,-07:00,2026-05-02T00:48:29-07:00,2,33
global.js,108,js,831be396,bnie13,2026-05-02,00:48:29,-07:00,2026-05-02T00:48:29-07:00,2,10
global.js,109,js,831be396,bnie13,2026-05-02,00:48:29,-07:00,2026-05-02T00:48:29-07:00,0,0
global.js,110,js,831be396,bnie13,2026-05-02,00:48:29,-07:00,2026-05-02T00:48:29-07:00,1,15
global.js,111,js,831be396,bnie13,2026-05-02,00:48:29,-07:00,2026-05-02T00:48:29-07:00,2,59
global.js,112,js,831be396,bnie13,2026-05-02,00:48:29,-07:00,2026-05-02T00:48:29-07:00,1,0
global.js,113,js,831be396,bnie13,2026-05-02,00:48:29,-07:00,2026-05-02T00:48:29-07:00,0,0
global.js,114,js,831be396,bnie13,2026-05-02,00:48:29,-07:00,2026-05-02T00:48:29-07:00,0,0
global.js,115,js,831be396,bnie13,2026-05-02,00:48:29,-07:00,2026-05-02T00:48:29-07:00,0,79
global.js,116,js,831be396,bnie13,2026-05-02,00:48:29,-07:00,2026-05-02T00:48:29-07:00,1,30
global.js,117,js,831be396,bnie13,2026-05-02,00:48:29,-07:00,2026-05-02T00:48:29-07:00,0,0
global.js,118,js,919aa560,bnie13,2026-05-02,00:54:16,-07:00,2026-05-02T00:54:16-07:00,1,88
global.js,119,js,919aa560,bnie13,2026-05-02,00:54:16,-07:00,2026-05-02T00:54:16-07:00,0,0
global.js,120,js,831be396,bnie13,2026-05-02,00:48:29,-07:00,2026-05-02T00:48:29-07:00,1,27
global.js,121,js,831be396,bnie13,2026-05-02,00:48:29,-07:00,2026-05-02T00:48:29-07:00,2,48
global.js,122,js,919aa560,bnie13,2026-05-02,00:54:16,-07:00,2026-05-02T00:54:16-07:00,2,51
global.js,123,js,831be396,bnie13,2026-05-02,00:48:29,-07:00,2026-05-02T00:48:29-07:00,0,0
global.js,124,js,831be396,bnie13,2026-05-02,00:48:29,-07:00,2026-05-02T00:48:29-07:00,2,19
global.js,125,js,831be396,bnie13,2026-05-02,00:48:29,-07:00,2026-05-02T00:48:29-07:00,1,49
global.js,126,js,919aa560,bnie13,2026-05-02,00:54:16,-07:00,2026-05-02T00:54:16-07:00,1,67
global.js,127,js,831be396,bnie13,2026-05-02,00:48:29,-07:00,2026-05-02T00:48:29-07:00,1,3
global.js,128,js,831be396,bnie13,2026-05-02,00:48:29,-07:00,2026-05-02T00:48:29-07:00,2,27
global.js,129,js,831be396,bnie13,2026-05-02,00:48:29,-07:00,2026-05-02T00:48:29-07:00,2,44
global.js,130,js,831be396,bnie13,2026-05-02,00:48:29,-07:00,2026-05-02T00:48:29-07:00,1,4
global.js,131,js,831be396,bnie13,2026-05-02,00:48:29,-07:00,2026-05-02T00:48:29-07:00,0,1
global.js,132,js,831be396,bnie13,2026-05-02,00:48:29,-07:00,2026-05-02T00:48:29-07:00,0,0
global.js,133,js,831be396,bnie13,2026-05-02,00:48:29,-07:00,2026-05-02T00:48:29-07:00,2,36
global.js,134,js,831be396,bnie13,2026-05-02,00:48:29,-07:00,2026-05-02T00:48:29-07:00,1,1
global.js,135,js,831be396,bnie13,2026-05-02,00:48:29,-07:00,2026-05-02T00:48:29-07:00,0,0
global.js,136,js,831be396,bnie13,2026-05-02,00:48:29,-07:00,2026-05-02T00:48:29-07:00,0,0
global.js,137,js,831be396,bnie13,2026-05-02,00:48:29,-07:00,2026-05-02T00:48:29-07:00,0,47
global.js,138,js,831be396,bnie13,2026-05-02,00:48:29,-07:00,2026-05-02T00:48:29-07:00,1,59
global.js,139,js,919aa560,bnie13,2026-05-02,00:54:16,-07:00,2026-05-02T00:54:16-07:00,0,0
resume/index.html,1,html,3e4470d4,bnie13,2026-04-03,22:04:09,-07:00,2026-04-03T22:04:09-07:00,0,13
resume/index.html,2,html,3e4470d4,bnie13,2026-04-03,22:04:09,-07:00,2026-04-03T22:04:09-07:00,0,14
resume/index.html,3,html,3e4470d4,bnie13,2026-04-03,22:04:09,-07:00,2026-04-03T22:04:09-07:00,0,4
resume/index.html,4,html,3e4470d4,bnie13,2026-04-03,22:04:09,-07:00,2026-04-03T22:04:09-07:00,2,20
resume/index.html,5,html,12842708,bnie13,2026-04-18,02:30:02,-07:00,2026-04-18T02:30:02-07:00,2,68
resume/index.html,6,html,3e4470d4,bnie13,2026-04-03,22:04:09,-07:00,2026-04-03T22:04:09-07:00,2,19
resume/index.html,7,html,3e4470d4,bnie13,2026-04-03,22:04:09,-07:00,2026-04-03T22:04:09-07:00,2,41
resume/index.html,8,html,3e4470d4,bnie13,2026-04-03,22:04:09,-07:00,2026-04-03T22:04:09-07:00,0,5
resume/index.html,9,html,3e4470d4,bnie13,2026-04-03,22:04:09,-07:00,2026-04-03T22:04:09-07:00,0,4
resume/index.html,10,html,3e4470d4,bnie13,2026-04-03,22:04:09,-07:00,2026-04-03T22:04:09-07:00,0,0
resume/index.html,11,html,3e4470d4,bnie13,2026-04-03,22:04:09,-07:00,2026-04-03T22:04:09-07:00,0,16
resume/index.html,12,html,3e4470d4,bnie13,2026-04-03,22:04:09,-07:00,2026-04-03T22:04:09-07:00,0,0
resume/index.html,13,html,12842708,bnie13,2026-04-18,02:30:02,-07:00,2026-04-18T02:30:02-07:00,0,1
resume/index.html,14,html,12842708,bnie13,2026-04-18,02:30:02,-07:00,2026-04-18T02:30:02-07:00,2,48
resume/index.html,15,html,12842708,bnie13,2026-04-18,02:30:02,-07:00,2026-04-18T02:30:02-07:00,2,43
resume/index.html,16,html,12842708,bnie13,2026-04-18,02:30:02,-07:00,2026-04-18T02:30:02-07:00,2,76
resume/index.html,17,html,12842708,bnie13,2026-04-18,02:30:02,-07:00,2026-04-18T02:30:02-07:00,2,60
resume/index.html,18,html,12842708,bnie13,2026-04-18,02:30:02,-07:00,2026-04-18T02:30:02-07:00,0,2
resume/index.html,19,html,12842708,bnie13,2026-04-18,02:30:02,-07:00,2026-04-18T02:30:02-07:00,0,0
resume/index.html,20,html,3e4470d4,bnie13,2026-04-03,22:04:09,-07:00,2026-04-03T22:04:09-07:00,0,7
resume/index.html,21,html,3e4470d4,bnie13,2026-04-03,22:04:09,-07:00,2026-04-03T22:04:09-07:00,2,16
resume/index.html,22,html,12842708,bnie13,2026-04-18,02:30:02,-07:00,2026-04-18T02:30:02-07:00,2,7
resume/index.html,23,html,12842708,bnie13,2026-04-18,02:30:02,-07:00,2026-04-18T02:30:02-07:00,4,49
resume/index.html,24,html,12842708,bnie13,2026-04-18,02:30:02,-07:00,2026-04-18T02:30:02-07:00,4,42
resume/index.html,25,html,12842708,bnie13,2026-04-18,02:30:02,-07:00,2026-04-18T02:30:02-07:00,4,36
resume/index.html,26,html,12842708,bnie13,2026-04-18,02:30:02,-07:00,2026-04-18T02:30:02-07:00,4,1
resume/index.html,27,html,12842708,bnie13,2026-04-18,02:30:02,-07:00,2026-04-18T02:30:02-07:00,6,83
resume/index.html,28,html,12842708,bnie13,2026-04-18,02:30:02,-07:00,2026-04-18T02:30:02-07:00,6,65
resume/index.html,29,html,12842708,bnie13,2026-04-18,02:30:02,-07:00,2026-04-18T02:30:02-07:00,4,2
resume/index.html,30,html,12842708,bnie13,2026-04-18,02:30:02,-07:00,2026-04-18T02:30:02-07:00,2,8
resume/index.html,31,html,12842708,bnie13,2026-04-18,02:30:02,-07:00,2026-04-18T02:30:02-07:00,0,8
resume/index.html,32,html,12842708,bnie13,2026-04-18,02:30:02,-07:00,2026-04-18T02:30:02-07:00,0,0
resume/index.html,33,html,12842708,bnie13,2026-04-18,02:30:02,-07:00,2026-04-18T02:30:02-07:00,0,7
resume/index.html,34,html,12842708,bnie13,2026-04-18,02:30:02,-07:00,2026-04-18T02:30:02-07:00,2,23
resume/index.html,35,html,12842708,bnie13,2026-04-18,02:30:02,-07:00,2026-04-18T02:30:02-07:00,2,7
resume/index.html,36,html,12842708,bnie13,2026-04-18,02:30:02,-07:00,2026-04-18T02:30:02-07:00,4,45
resume/index.html,37,html,12842708,bnie13,2026-04-18,02:30:02,-07:00,2026-04-18T02:30:02-07:00,4,66
resume/index.html,38,html,12842708,bnie13,2026-04-18,02:30:02,-07:00,2026-04-18T02:30:02-07:00,4,98
resume/index.html,39,html,12842708,bnie13,2026-04-18,02:30:02,-07:00,2026-04-18T02:30:02-07:00,4,69
resume/index.html,40,html,12842708,bnie13,2026-04-18,02:30:02,-07:00,2026-04-18T02:30:02-07:00,2,8
resume/index.html,41,html,3e4470d4,bnie13,2026-04-03,22:04:09,-07:00,2026-04-03T22:04:09-07:00,0,8
resume/index.html,42,html,3e4470d4,bnie13,2026-04-03,22:04:09,-07:00,2026-04-03T22:04:09-07:00,0,0
resume/index.html,43,html,3e4470d4,bnie13,2026-04-03,22:04:09,-07:00,2026-04-03T22:04:09-07:00,0,7
resume/index.html,44,html,3e4470d4,bnie13,2026-04-03,22:04:09,-07:00,2026-04-03T22:04:09-07:00,2,17
resume/index.html,45,html,3e4470d4,bnie13,2026-04-03,22:04:09,-07:00,2026-04-03T22:04:09-07:00,2,7
resume/index.html,46,html,12842708,bnie13,2026-04-18,02:30:02,-07:00,2026-04-18T02:30:02-07:00,4,6
resume/index.html,47,html,12842708,bnie13,2026-04-18,02:30:02,-07:00,2026-04-18T02:30:02-07:00,6,58
resume/index.html,48,html,12842708,bnie13,2026-04-18,02:30:02,-07:00,2026-04-18T02:30:02-07:00,6,39
resume/index.html,49,html,12842708,bnie13,2026-04-18,02:30:02,-07:00,2026-04-18T02:30:02-07:00,4,7
resume/index.html,50,html,12842708,bnie13,2026-04-18,02:30:02,-07:00,2026-04-18T02:30:02-07:00,4,2
resume/index.html,51,html,12842708,bnie13,2026-04-18,02:30:02,-07:00,2026-04-18T02:30:02-07:00,6,112
resume/index.html,52,html,12842708,bnie13,2026-04-18,02:30:02,-07:00,2026-04-18T02:30:02-07:00,6,164
resume/index.html,53,html,12842708,bnie13,2026-04-18,02:30:02,-07:00,2026-04-18T02:30:02-07:00,6,116
resume/index.html,54,html,12842708,bnie13,2026-04-18,02:30:02,-07:00,2026-04-18T02:30:02-07:00,6,137
resume/index.html,55,html,12842708,bnie13,2026-04-18,02:30:02,-07:00,2026-04-18T02:30:02-07:00,6,98
resume/index.html,56,html,12842708,bnie13,2026-04-18,02:30:02,-07:00,2026-04-18T02:30:02-07:00,4,3
resume/index.html,57,html,3e4470d4,bnie13,2026-04-03,22:04:09,-07:00,2026-04-03T22:04:09-07:00,2,8
resume/index.html,58,html,3e4470d4,bnie13,2026-04-03,22:04:09,-07:00,2026-04-03T22:04:09-07:00,0,8
resume/index.html,59,html,3e4470d4,bnie13,2026-04-03,22:04:09,-07:00,2026-04-03T22:04:09-07:00,0,0
resume/index.html,60,html,3e4470d4,bnie13,2026-04-03,22:04:09,-07:00,2026-04-03T22:04:09-07:00,0,7
resume/index.html,61,html,3e4470d4,bnie13,2026-04-03,22:04:09,-07:00,2026-04-03T22:04:09-07:00,2,15
resume/index.html,62,html,3e4470d4,bnie13,2026-04-03,22:04:09,-07:00,2026-04-03T22:04:09-07:00,0,0
resume/index.html,63,html,12842708,bnie13,2026-04-18,02:30:02,-07:00,2026-04-18T02:30:02-07:00,2,7
resume/index.html,64,html,12842708,bnie13,2026-04-18,02:30:02,-07:00,2026-04-18T02:30:02-07:00,4,6
resume/index.html,65,html,12842708,bnie13,2026-04-18,02:30:02,-07:00,2026-04-18T02:30:02-07:00,6,44
resume/index.html,66,html,12842708,bnie13,2026-04-18,02:30:02,-07:00,2026-04-18T02:30:02-07:00,6,27
resume/index.html,67,html,12842708,bnie13,2026-04-18,02:30:02,-07:00,2026-04-18T02:30:02-07:00,4,7
resume/index.html,68,html,12842708,bnie13,2026-04-18,02:30:02,-07:00,2026-04-18T02:30:02-07:00,4,65
resume/index.html,69,html,12842708,bnie13,2026-04-18,02:30:02,-07:00,2026-04-18T02:30:02-07:00,4,2
resume/index.html,70,html,12842708,bnie13,2026-04-18,02:30:02,-07:00,2026-04-18T02:30:02-07:00,6,134
resume/index.html,71,html,12842708,bnie13,2026-04-18,02:30:02,-07:00,2026-04-18T02:30:02-07:00,6,147
resume/index.html,72,html,12842708,bnie13,2026-04-18,02:30:02,-07:00,2026-04-18T02:30:02-07:00,6,143
resume/index.html,73,html,12842708,bnie13,2026-04-18,02:30:02,-07:00,2026-04-18T02:30:02-07:00,6,124
resume/index.html,74,html,12842708,bnie13,2026-04-18,02:30:02,-07:00,2026-04-18T02:30:02-07:00,4,3
resume/index.html,75,html,12842708,bnie13,2026-04-18,02:30:02,-07:00,2026-04-18T02:30:02-07:00,2,8
resume/index.html,76,html,12842708,bnie13,2026-04-18,02:30:02,-07:00,2026-04-18T02:30:02-07:00,0,0
resume/index.html,77,html,12842708,bnie13,2026-04-18,02:30:02,-07:00,2026-04-18T02:30:02-07:00,2,7
resume/index.html,78,html,12842708,bnie13,2026-04-18,02:30:02,-07:00,2026-04-18T02:30:02-07:00,4,6
resume/index.html,79,html,12842708,bnie13,2026-04-18,02:30:02,-07:00,2026-04-18T02:30:02-07:00,6,28
resume/index.html,80,html,12842708,bnie13,2026-04-18,02:30:02,-07:00,2026-04-18T02:30:02-07:00,6,26
resume/index.html,81,html,12842708,bnie13,2026-04-18,02:30:02,-07:00,2026-04-18T02:30:02-07:00,4,7
resume/index.html,82,html,12842708,bnie13,2026-04-18,02:30:02,-07:00,2026-04-18T02:30:02-07:00,4,56
resume/index.html,83,html,12842708,bnie13,2026-04-18,02:30:02,-07:00,2026-04-18T02:30:02-07:00,4,2
resume/index.html,84,html,12842708,bnie13,2026-04-18,02:30:02,-07:00,2026-04-18T02:30:02-07:00,6,124
resume/index.html,85,html,12842708,bnie13,2026-04-18,02:30:02,-07:00,2026-04-18T02:30:02-07:00,6,85
resume/index.html,86,html,12842708,bnie13,2026-04-18,02:30:02,-07:00,2026-04-18T02:30:02-07:00,6,131
resume/index.html,87,html,12842708,bnie13,2026-04-18,02:30:02,-07:00,2026-04-18T02:30:02-07:00,4,3
resume/index.html,88,html,12842708,bnie13,2026-04-18,02:30:02,-07:00,2026-04-18T02:30:02-07:00,2,8
resume/index.html,89,html,12842708,bnie13,2026-04-18,02:30:02,-07:00,2026-04-18T02:30:02-07:00,0,0
resume/index.html,90,html,12842708,bnie13,2026-04-18,02:30:02,-07:00,2026-04-18T02:30:02-07:00,2,7
resume/index.html,91,html,12842708,bnie13,2026-04-18,02:30:02,-07:00,2026-04-18T02:30:02-07:00,4,6
resume/index.html,92,html,12842708,bnie13,2026-04-18,02:30:02,-07:00,2026-04-18T02:30:02-07:00,6,31
resume/index.html,93,html,12842708,bnie13,2026-04-18,02:30:02,-07:00,2026-04-18T02:30:02-07:00,6,27
resume/index.html,94,html,12842708,bnie13,2026-04-18,02:30:02,-07:00,2026-04-18T02:30:02-07:00,4,7
resume/index.html,95,html,12842708,bnie13,2026-04-18,02:30:02,-07:00,2026-04-18T02:30:02-07:00,4,53
resume/index.html,96,html,12842708,bnie13,2026-04-18,02:30:02,-07:00,2026-04-18T02:30:02-07:00,4,2
resume/index.html,97,html,12842708,bnie13,2026-04-18,02:30:02,-07:00,2026-04-18T02:30:02-07:00,6,116
resume/index.html,98,html,12842708,bnie13,2026-04-18,02:30:02,-07:00,2026-04-18T02:30:02-07:00,6,94
resume/index.html,99,html,12842708,bnie13,2026-04-18,02:30:02,-07:00,2026-04-18T02:30:02-07:00,6,115
resume/index.html,100,html,12842708,bnie13,2026-04-18,02:30:02,-07:00,2026-04-18T02:30:02-07:00,4,3
resume/index.html,101,html,12842708,bnie13,2026-04-18,02:30:02,-07:00,2026-04-18T02:30:02-07:00,2,8
resume/index.html,102,html,12842708,bnie13,2026-04-18,02:30:02,-07:00,2026-04-18T02:30:02-07:00,0,8
resume/index.html,103,html,1548fa9b,bnie13,2026-04-18,03:25:01,-07:00,2026-04-18T03:25:01-07:00,2,48
resume/index.html,104,html,3e4470d4,bnie13,2026-04-03,22:04:09,-07:00,2026-04-03T22:04:09-07:00,0,5
resume/index.html,105,html,12842708,bnie13,2026-04-18,02:30:02,-07:00,2026-04-18T02:30:02-07:00,0,5
projects/projects.js,1,js,831be396,bnie13,2026-05-02,00:48:29,-07:00,2026-05-02T00:48:29-07:00,0,55
projects/projects.js,2,js,831be396,bnie13,2026-05-02,00:48:29,-07:00,2026-05-02T00:48:29-07:00,0,63
projects/projects.js,3,js,831be396,bnie13,2026-05-02,00:48:29,-07:00,2026-05-02T00:48:29-07:00,0,0
projects/projects.js,4,js,831be396,bnie13,2026-05-02,00:48:29,-07:00,2026-05-02T00:48:29-07:00,0,55
projects/projects.js,5,js,831be396,bnie13,2026-05-02,00:48:29,-07:00,2026-05-02T00:48:29-07:00,0,0
projects/projects.js,6,js,831be396,bnie13,2026-05-02,00:48:29,-07:00,2026-05-02T00:48:29-07:00,0,54
projects/projects.js,7,js,831be396,bnie13,2026-05-02,00:48:29,-07:00,2026-05-02T00:48:29-07:00,0,48
projects/projects.js,8,js,831be396,bnie13,2026-05-02,00:48:29,-07:00,2026-05-02T00:48:29-07:00,0,0
projects/projects.js,9,js,831be396,bnie13,2026-05-02,00:48:29,-07:00,2026-05-02T00:48:29-07:00,0,60
projects/projects.js,10,js,831be396,bnie13,2026-05-02,00:48:29,-07:00,2026-05-02T00:48:29-07:00,0,55
projects/projects.js,11,js,831be396,bnie13,2026-05-02,00:48:29,-07:00,2026-05-02T00:48:29-07:00,0,13
projects/projects.js,12,js,831be396,bnie13,2026-05-02,00:48:29,-07:00,2026-05-02T00:48:29-07:00,0,21
projects/projects.js,13,js,831be396,bnie13,2026-05-02,00:48:29,-07:00,2026-05-02T00:48:29-07:00,0,22
projects/projects.js,14,js,831be396,bnie13,2026-05-02,00:48:29,-07:00,2026-05-02T00:48:29-07:00,0,15
projects/projects.js,15,js,831be396,bnie13,2026-05-02,00:48:29,-07:00,2026-05-02T00:48:29-07:00,0,0
projects/projects.js,16,js,831be396,bnie13,2026-05-02,00:48:29,-07:00,2026-05-02T00:48:29-07:00,0,59
projects/projects.js,17,js,831be396,bnie13,2026-05-02,00:48:29,-07:00,2026-05-02T00:48:29-07:00,0,50
projects/projects.js,18,js,831be396,bnie13,2026-05-02,00:48:29,-07:00,2026-05-02T00:48:29-07:00,0,49
projects/projects.js,19,js,831be396,bnie13,2026-05-02,00:48:29,-07:00,2026-05-02T00:48:29-07:00,0,0
projects/projects.js,20,js,831be396,bnie13,2026-05-02,00:48:29,-07:00,2026-05-02T00:48:29-07:00,0,41
projects/projects.js,21,js,831be396,bnie13,2026-05-02,00:48:29,-07:00,2026-05-02T00:48:29-07:00,1,28
projects/projects.js,22,js,831be396,bnie13,2026-05-02,00:48:29,-07:00,2026-05-02T00:48:29-07:00,2,15
projects/projects.js,23,js,831be396,bnie13,2026-05-02,00:48:29,-07:00,2026-05-02T00:48:29-07:00,2,36
projects/projects.js,24,js,831be396,bnie13,2026-05-02,00:48:29,-07:00,2026-05-02T00:48:29-07:00,2,24
projects/projects.js,25,js,831be396,bnie13,2026-05-02,00:48:29,-07:00,2026-05-02T00:48:29-07:00,1,0
projects/projects.js,26,js,831be396,bnie13,2026-05-02,00:48:29,-07:00,2026-05-02T00:48:29-07:00,0,0
projects/projects.js,27,js,831be396,bnie13,2026-05-02,00:48:29,-07:00,2026-05-02T00:48:29-07:00,1,44
projects/projects.js,28,js,831be396,bnie13,2026-05-02,00:48:29,-07:00,2026-05-02T00:48:29-07:00,2,11
projects/projects.js,29,js,831be396,bnie13,2026-05-02,00:48:29,-07:00,2026-05-02T00:48:29-07:00,2,10
projects/projects.js,30,js,831be396,bnie13,2026-05-02,00:48:29,-07:00,2026-05-02T00:48:29-07:00,1,2
projects/projects.js,31,js,831be396,bnie13,2026-05-02,00:48:29,-07:00,2026-05-02T00:48:29-07:00,0,0
projects/projects.js,32,js,831be396,bnie13,2026-05-02,00:48:29,-07:00,2026-05-02T00:48:29-07:00,1,26
projects/projects.js,33,js,831be396,bnie13,2026-05-02,00:48:29,-07:00,2026-05-02T00:48:29-07:00,2,73
projects/projects.js,34,js,831be396,bnie13,2026-05-02,00:48:29,-07:00,2026-05-02T00:48:29-07:00,0,0
projects/projects.js,35,js,831be396,bnie13,2026-05-02,00:48:29,-07:00,2026-05-02T00:48:29-07:00,2,25
projects/projects.js,36,js,831be396,bnie13,2026-05-02,00:48:29,-07:00,2026-05-02T00:48:29-07:00,3,18
projects/projects.js,37,js,831be396,bnie13,2026-05-02,00:48:29,-07:00,2026-05-02T00:48:29-07:00,2,0
projects/projects.js,38,js,831be396,bnie13,2026-05-02,00:48:29,-07:00,2026-05-02T00:48:29-07:00,1,0
projects/projects.js,39,js,831be396,bnie13,2026-05-02,00:48:29,-07:00,2026-05-02T00:48:29-07:00,0,0
projects/projects.js,40,js,831be396,bnie13,2026-05-02,00:48:29,-07:00,2026-05-02T00:48:29-07:00,1,42
projects/projects.js,41,js,831be396,bnie13,2026-05-02,00:48:29,-07:00,2026-05-02T00:48:29-07:00,0,0
projects/projects.js,42,js,831be396,bnie13,2026-05-02,00:48:29,-07:00,2026-05-02T00:48:29-07:00,1,21
projects/projects.js,43,js,831be396,bnie13,2026-05-02,00:48:29,-07:00,2026-05-02T00:48:29-07:00,2,16
projects/projects.js,44,js,831be396,bnie13,2026-05-02,00:48:29,-07:00,2026-05-02T00:48:29-07:00,2,26
projects/projects.js,45,js,831be396,bnie13,2026-05-02,00:48:29,-07:00,2026-05-02T00:48:29-07:00,2,11
projects/projects.js,46,js,831be396,bnie13,2026-05-02,00:48:29,-07:00,2026-05-02T00:48:29-07:00,2,64
projects/projects.js,47,js,831be396,bnie13,2026-05-02,00:48:29,-07:00,2026-05-02T00:48:29-07:00,2,22
projects/projects.js,48,js,831be396,bnie13,2026-05-02,00:48:29,-07:00,2026-05-02T00:48:29-07:00,2,33
projects/projects.js,49,js,831be396,bnie13,2026-05-02,00:48:29,-07:00,2026-05-02T00:48:29-07:00,2,26
projects/projects.js,50,js,831be396,bnie13,2026-05-02,00:48:29,-07:00,2026-05-02T00:48:29-07:00,3,31
projects/projects.js,51,js,831be396,bnie13,2026-05-02,00:48:29,-07:00,2026-05-02T00:48:29-07:00,3,77
projects/projects.js,52,js,831be396,bnie13,2026-05-02,00:48:29,-07:00,2026-05-02T00:48:29-07:00,0,0
projects/projects.js,53,js,831be396,bnie13,2026-05-02,00:48:29,-07:00,2026-05-02T00:48:29-07:00,3,35
projects/projects.js,54,js,831be396,bnie13,2026-05-02,00:48:29,-07:00,2026-05-02T00:48:29-07:00,4,17
projects/projects.js,55,js,831be396,bnie13,2026-05-02,00:48:29,-07:00,2026-05-02T00:48:29-07:00,4,18
projects/projects.js,56,js,831be396,bnie13,2026-05-02,00:48:29,-07:00,2026-05-02T00:48:29-07:00,3,6
projects/projects.js,57,js,831be396,bnie13,2026-05-02,00:48:29,-07:00,2026-05-02T00:48:29-07:00,4,27
projects/projects.js,58,js,831be396,bnie13,2026-05-02,00:48:29,-07:00,2026-05-02T00:48:29-07:00,4,25
projects/projects.js,59,js,831be396,bnie13,2026-05-02,00:48:29,-07:00,2026-05-02T00:48:29-07:00,3,0
projects/projects.js,60,js,831be396,bnie13,2026-05-02,00:48:29,-07:00,2026-05-02T00:48:29-07:00,0,0
projects/projects.js,61,js,831be396,bnie13,2026-05-02,00:48:29,-07:00,2026-05-02T00:48:29-07:00,3,23
projects/projects.js,62,js,831be396,bnie13,2026-05-02,00:48:29,-07:00,2026-05-02T00:48:29-07:00,3,60
projects/projects.js,63,js,831be396,bnie13,2026-05-02,00:48:29,-07:00,2026-05-02T00:48:29-07:00,2,1
projects/projects.js,64,js,831be396,bnie13,2026-05-02,00:48:29,-07:00,2026-05-02T00:48:29-07:00,0,0
projects/projects.js,65,js,831be396,bnie13,2026-05-02,00:48:29,-07:00,2026-05-02T00:48:29-07:00,1,34
projects/projects.js,66,js,831be396,bnie13,2026-05-02,00:48:29,-07:00,2026-05-02T00:48:29-07:00,1,29
projects/projects.js,67,js,831be396,bnie13,2026-05-02,00:48:29,-07:00,2026-05-02T00:48:29-07:00,0,0
projects/projects.js,68,js,831be396,bnie13,2026-05-02,00:48:29,-07:00,2026-05-02T00:48:29-07:00,1,24
projects/projects.js,69,js,831be396,bnie13,2026-05-02,00:48:29,-07:00,2026-05-02T00:48:29-07:00,2,14
projects/projects.js,70,js,831be396,bnie13,2026-05-02,00:48:29,-07:00,2026-05-02T00:48:29-07:00,2,12
projects/projects.js,71,js,831be396,bnie13,2026-05-02,00:48:29,-07:00,2026-05-02T00:48:29-07:00,2,9
projects/projects.js,72,js,831be396,bnie13,2026-05-02,00:48:29,-07:00,2026-05-02T00:48:29-07:00,2,80
projects/projects.js,73,js,831be396,bnie13,2026-05-02,00:48:29,-07:00,2026-05-02T00:48:29-07:00,0,0
projects/projects.js,74,js,831be396,bnie13,2026-05-02,00:48:29,-07:00,2026-05-02T00:48:29-07:00,1,24
projects/projects.js,75,js,831be396,bnie13,2026-05-02,00:48:29,-07:00,2026-05-02T00:48:29-07:00,2,29
projects/projects.js,76,js,831be396,bnie13,2026-05-02,00:48:29,-07:00,2026-05-02T00:48:29-07:00,2,47
projects/projects.js,77,js,831be396,bnie13,2026-05-02,00:48:29,-07:00,2026-05-02T00:48:29-07:00,0,0
projects/projects.js,78,js,831be396,bnie13,2026-05-02,00:48:29,-07:00,2026-05-02T00:48:29-07:00,1,24
projects/projects.js,79,js,831be396,bnie13,2026-05-02,00:48:29,-07:00,2026-05-02T00:48:29-07:00,2,20
projects/projects.js,80,js,831be396,bnie13,2026-05-02,00:48:29,-07:00,2026-05-02T00:48:29-07:00,0,0
projects/projects.js,81,js,831be396,bnie13,2026-05-02,00:48:29,-07:00,2026-05-02T00:48:29-07:00,1,22
projects/projects.js,82,js,831be396,bnie13,2026-05-02,00:48:29,-07:00,2026-05-02T00:48:29-07:00,2,28
projects/projects.js,83,js,831be396,bnie13,2026-05-02,00:48:29,-07:00,2026-05-02T00:48:29-07:00,2,27
projects/projects.js,84,js,831be396,bnie13,2026-05-02,00:48:29,-07:00,2026-05-02T00:48:29-07:00,0,0
projects/projects.js,85,js,831be396,bnie13,2026-05-02,00:48:29,-07:00,2026-05-02T00:48:29-07:00,0,0
projects/projects.js,86,js,831be396,bnie13,2026-05-02,00:48:29,-07:00,2026-05-02T00:48:29-07:00,0,33
projects/projects.js,87,js,831be396,bnie13,2026-05-02,00:48:29,-07:00,2026-05-02T00:48:29-07:00,1,21
projects/projects.js,88,js,831be396,bnie13,2026-05-02,00:48:29,-07:00,2026-05-02T00:48:29-07:00,2,16
projects/projects.js,89,js,831be396,bnie13,2026-05-02,00:48:29,-07:00,2026-05-02T00:48:29-07:00,2,51
projects/projects.js,90,js,831be396,bnie13,2026-05-02,00:48:29,-07:00,2026-05-02T00:48:29-07:00,0,0
projects/projects.js,91,js,831be396,bnie13,2026-05-02,00:48:29,-07:00,2026-05-02T00:48:29-07:00,1,18
projects/projects.js,92,js,831be396,bnie13,2026-05-02,00:48:29,-07:00,2026-05-02T00:48:29-07:00,2,14
projects/projects.js,93,js,831be396,bnie13,2026-05-02,00:48:29,-07:00,2026-05-02T00:48:29-07:00,2,51
projects/projects.js,94,js,831be396,bnie13,2026-05-02,00:48:29,-07:00,2026-05-02T00:48:29-07:00,0,0
projects/projects.js,95,js,831be396,bnie13,2026-05-02,00:48:29,-07:00,2026-05-02T00:48:29-07:00,0,0
projects/projects.js,96,js,831be396,bnie13,2026-05-02,00:48:29,-07:00,2026-05-02T00:48:29-07:00,0,31
projects/projects.js,97,js,831be396,bnie13,2026-05-02,00:48:29,-07:00,2026-05-02T00:48:29-07:00,1,66
projects/projects.js,98,js,831be396,bnie13,2026-05-02,00:48:29,-07:00,2026-05-02T00:48:29-07:00,1,33
projects/projects.js,99,js,831be396,bnie13,2026-05-02,00:48:29,-07:00,2026-05-02T00:48:29-07:00,0,0
projects/projects.js,100,js,831be396,bnie13,2026-05-02,00:48:29,-07:00,2026-05-02T00:48:29-07:00,0,0
projects/projects.js,101,js,831be396,bnie13,2026-05-02,00:48:29,-07:00,2026-05-02T00:48:29-07:00,0,36
projects/projects.js,102,js,831be396,bnie13,2026-05-02,00:48:29,-07:00,2026-05-02T00:48:29-07:00,1,55
projects/projects.js,103,js,831be396,bnie13,2026-05-02,00:48:29,-07:00,2026-05-02T00:48:29-07:00,0,0
projects/projects.js,104,js,831be396,bnie13,2026-05-02,00:48:29,-07:00,2026-05-02T00:48:29-07:00,0,0
projects/projects.js,105,js,831be396,bnie13,2026-05-02,00:48:29,-07:00,2026-05-02T00:48:29-07:00,0,29
projects/projects.js,106,js,831be396,bnie13,2026-05-02,00:48:29,-07:00,2026-05-02T00:48:29-07:00,1,49
projects/projects.js,107,js,831be396,bnie13,2026-05-02,00:48:29,-07:00,2026-05-02T00:48:29-07:00,1,25
projects/projects.js,108,js,831be396,bnie13,2026-05-02,00:48:29,-07:00,2026-05-02T00:48:29-07:00,2,53
projects/projects.js,109,js,831be396,bnie13,2026-05-02,00:48:29,-07:00,2026-05-02T00:48:29-07:00,2,90
projects/projects.js,110,js,831be396,bnie13,2026-05-02,00:48:29,-07:00,2026-05-02T00:48:29-07:00,1,0
projects/projects.js,111,js,831be396,bnie13,2026-05-02,00:48:29,-07:00,2026-05-02T00:48:29-07:00,0,0
projects/projects.js,112,js,831be396,bnie13,2026-05-02,00:48:29,-07:00,2026-05-02T00:48:29-07:00,1,22
projects/projects.js,113,js,831be396,bnie13,2026-05-02,00:48:29,-07:00,2026-05-02T00:48:29-07:00,0,0
projects/projects.js,114,js,831be396,bnie13,2026-05-02,00:48:29,-07:00,2026-05-02T00:48:29-07:00,0,0
projects/projects.js,115,js,831be396,bnie13,2026-05-02,00:48:29,-07:00,2026-05-02T00:48:29-07:00,0,32
projects/projects.js,116,js,831be396,bnie13,2026-05-02,00:48:29,-07:00,2026-05-02T00:48:29-07:00,1,57
projects/projects.js,117,js,831be396,bnie13,2026-05-02,00:48:29,-07:00,2026-05-02T00:48:29-07:00,0,0
projects/projects.js,118,js,831be396,bnie13,2026-05-02,00:48:29,-07:00,2026-05-02T00:48:29-07:00,1,93
projects/projects.js,119,js,831be396,bnie13,2026-05-02,00:48:29,-07:00,2026-05-02T00:48:29-07:00,2,17
projects/projects.js,120,js,831be396,bnie13,2026-05-02,00:48:29,-07:00,2026-05-02T00:48:29-07:00,2,18
projects/projects.js,121,js,831be396,bnie13,2026-05-02,00:48:29,-07:00,2026-05-02T00:48:29-07:00,1,0
projects/projects.js,122,js,831be396,bnie13,2026-05-02,00:48:29,-07:00,2026-05-02T00:48:29-07:00,0,0
projects/projects.js,123,js,831be396,bnie13,2026-05-02,00:48:29,-07:00,2026-05-02T00:48:29-07:00,1,37
projects/projects.js,124,js,831be396,bnie13,2026-05-02,00:48:29,-07:00,2026-05-02T00:48:29-07:00,1,60
projects/projects.js,125,js,831be396,bnie13,2026-05-02,00:48:29,-07:00,2026-05-02T00:48:29-07:00,0,0
projects/projects.js,126,js,831be396,bnie13,2026-05-02,00:48:29,-07:00,2026-05-02T00:48:29-07:00,0,0
projects/projects.js,127,js,831be396,bnie13,2026-05-02,00:48:29,-07:00,2026-05-02T00:48:29-07:00,0,22
projects/projects.js,128,js,831be396,bnie13,2026-05-02,00:48:29,-07:00,2026-05-02T00:48:29-07:00,0,0
projects/projects.js,129,js,831be396,bnie13,2026-05-02,00:48:29,-07:00,2026-05-02T00:48:29-07:00,0,48
projects/projects.js,130,js,831be396,bnie13,2026-05-02,00:48:29,-07:00,2026-05-02T00:48:29-07:00,1,39
projects/projects.js,131,js,831be396,bnie13,2026-05-02,00:48:29,-07:00,2026-05-02T00:48:29-07:00,1,22
projects/projects.js,132,js,831be396,bnie13,2026-05-02,00:48:29,-07:00,2026-05-02T00:48:29-07:00,0,1
projects/index.html,1,html,3e4470d4,bnie13,2026-04-03,22:04:09,-07:00,2026-04-03T22:04:09-07:00,0,13
projects/index.html,2,html,3e4470d4,bnie13,2026-04-03,22:04:09,-07:00,2026-04-03T22:04:09-07:00,0,14
projects/index.html,3,html,3e4470d4,bnie13,2026-04-03,22:04:09,-07:00,2026-04-03T22:04:09-07:00,0,4
projects/index.html,4,html,3e4470d4,bnie13,2026-04-03,22:04:09,-07:00,2026-04-03T22:04:09-07:00,2,20
projects/index.html,5,html,3e4470d4,bnie13,2026-04-03,22:04:09,-07:00,2026-04-03T22:04:09-07:00,2,68
projects/index.html,6,html,3e4470d4,bnie13,2026-04-03,22:04:09,-07:00,2026-04-03T22:04:09-07:00,2,50
projects/index.html,7,html,3e4470d4,bnie13,2026-04-03,22:04:09,-07:00,2026-04-03T22:04:09-07:00,2,41
projects/index.html,8,html,12842708,bnie13,2026-04-18,02:30:02,-07:00,2026-04-18T02:30:02-07:00,0,5
projects/index.html,9,html,12842708,bnie13,2026-04-18,02:30:02,-07:00,2026-04-18T02:30:02-07:00,0,4
projects/index.html,10,html,831be396,bnie13,2026-05-02,00:48:29,-07:00,2026-05-02T00:48:29-07:00,2,38
projects/index.html,11,html,831be396,bnie13,2026-05-02,00:48:29,-07:00,2026-05-02T00:48:29-07:00,2,27
projects/index.html,12,html,831be396,bnie13,2026-05-02,00:48:29,-07:00,2026-05-02T00:48:29-07:00,4,53
projects/index.html,13,html,831be396,bnie13,2026-05-02,00:48:29,-07:00,2026-05-02T00:48:29-07:00,4,22
projects/index.html,14,html,12842708,bnie13,2026-04-18,02:30:02,-07:00,2026-04-18T02:30:02-07:00,2,4
projects/index.html,15,html,831be396,bnie13,2026-05-02,00:48:29,-07:00,2026-05-02T00:48:29-07:00,2,97
projects/index.html,16,html,831be396,bnie13,2026-05-02,00:48:29,-07:00,2026-05-02T00:48:29-07:00,2,26
projects/index.html,17,html,831be396,bnie13,2026-05-02,00:48:29,-07:00,2026-05-02T00:48:29-07:00,2,49
projects/index.html,18,html,3e4470d4,bnie13,2026-04-03,22:04:09,-07:00,2026-04-03T22:04:09-07:00,0,5
projects/index.html,19,html,831be396,bnie13,2026-05-02,00:48:29,-07:00,2026-05-02T00:48:29-07:00,0,5
contact/index.html,1,html,3e4470d4,bnie13,2026-04-03,22:04:09,-07:00,2026-04-03T22:04:09-07:00,0,13
contact/index.html,2,html,3e4470d4,bnie13,2026-04-03,22:04:09,-07:00,2026-04-03T22:04:09-07:00,0,14
contact/index.html,3,html,3e4470d4,bnie13,2026-04-03,22:04:09,-07:00,2026-04-03T22:04:09-07:00,0,4
contact/index.html,4,html,3e4470d4,bnie13,2026-04-03,22:04:09,-07:00,2026-04-03T22:04:09-07:00,2,20
contact/index.html,5,html,3e4470d4,bnie13,2026-04-03,22:04:09,-07:00,2026-04-03T22:04:09-07:00,2,20
contact/index.html,6,html,3e4470d4,bnie13,2026-04-03,22:04:09,-07:00,2026-04-03T22:04:09-07:00,2,41
contact/index.html,7,html,3e4470d4,bnie13,2026-04-03,22:04:09,-07:00,2026-04-03T22:04:09-07:00,0,5
contact/index.html,8,html,3e4470d4,bnie13,2026-04-03,22:04:09,-07:00,2026-04-03T22:04:09-07:00,0,4
contact/index.html,9,html,3e4470d4,bnie13,2026-04-03,22:04:09,-07:00,2026-04-03T22:04:09-07:00,0,0
contact/index.html,10,html,1548fa9b,bnie13,2026-04-18,03:25:01,-07:00,2026-04-18T03:25:01-07:00,0,17
contact/index.html,11,html,3e4470d4,bnie13,2026-04-03,22:04:09,-07:00,2026-04-03T22:04:09-07:00,0,0
contact/index.html,12,html,1548fa9b,bnie13,2026-04-18,03:25:01,-07:00,2026-04-18T03:25:01-07:00,0,39
contact/index.html,13,html,3e4470d4,bnie13,2026-04-03,22:04:09,-07:00,2026-04-03T22:04:09-07:00,0,0
contact/index.html,14,html,3e4470d4,bnie13,2026-04-03,22:04:09,-07:00,2026-04-03T22:04:09-07:00,2,5
contact/index.html,15,html,3e4470d4,bnie13,2026-04-03,22:04:09,-07:00,2026-04-03T22:04:09-07:00,4,6
contact/index.html,16,html,3e4470d4,bnie13,2026-04-03,22:04:09,-07:00,2026-04-03T22:04:09-07:00,4,34
contact/index.html,17,html,3e4470d4,bnie13,2026-04-03,22:04:09,-07:00,2026-04-03T22:04:09-07:00,2,6
contact/index.html,18,html,3e4470d4,bnie13,2026-04-03,22:04:09,-07:00,2026-04-03T22:04:09-07:00,0,0
contact/index.html,19,html,3e4470d4,bnie13,2026-04-03,22:04:09,-07:00,2026-04-03T22:04:09-07:00,2,5
contact/index.html,20,html,12842708,bnie13,2026-04-18,02:30:02,-07:00,2026-04-18T02:30:02-07:00,4,6
contact/index.html,21,html,12842708,bnie13,2026-04-18,02:30:02,-07:00,2026-04-18T02:30:02-07:00,4,68
contact/index.html,22,html,3e4470d4,bnie13,2026-04-03,22:04:09,-07:00,2026-04-03T22:04:09-07:00,2,6
contact/index.html,23,html,3e4470d4,bnie13,2026-04-03,22:04:09,-07:00,2026-04-03T22:04:09-07:00,0,0
contact/index.html,24,html,1548fa9b,bnie13,2026-04-18,03:25:01,-07:00,2026-04-18T03:25:01-07:00,2,19
contact/index.html,25,html,3e4470d4,bnie13,2026-04-03,22:04:09,-07:00,2026-04-03T22:04:09-07:00,0,0
contact/index.html,26,html,3e4470d4,bnie13,2026-04-03,22:04:09,-07:00,2026-04-03T22:04:09-07:00,0,5
contact/index.html,27,html,3e4470d4,bnie13,2026-04-03,22:04:09,-07:00,2026-04-03T22:04:09-07:00,0,0
contact/index.html,28,html,1548fa9b,bnie13,2026-04-18,03:25:01,-07:00,2026-04-18T03:25:01-07:00,0,48
contact/index.html,29,html,1548fa9b,bnie13,2026-04-18,03:25:01,-07:00,2026-04-18T03:25:01-07:00,0,0
contact/index.html,30,html,3e4470d4,bnie13,2026-04-03,22:04:09,-07:00,2026-04-03T22:04:09-07:00,0,5
contact/index.html,31,html,3e4470d4,bnie13,2026-04-03,22:04:09,-07:00,2026-04-03T22:04:09-07:00,0,5
